family,variant,slug,sub,mlm_type,strategy,block_width,mask_rate,run_key,superdir,family_dir,run_slug,variant_sub,stack_name,stack_relpath,has_pretrain,has_finetune1,has_finetune2,complete_3stage,pre_best_reconstruction_loss,pre_best_mse,pre_best_mae,pre_best_psnr,pre_best_ssim,pre_best_ms_ssim,pre_best_lpips,pre_best_fid,pre_best_histogram_kl,pre_best_histogram_emd,finetune1_val_max_psds1/s,finetune1_val_max_psds1/t,finetune1_val_max_psds2/s,finetune1_val_max_psds2/t,finetune1_val_max_event-based F1/s,finetune1_val_max_event-based F1/t,finetune1_val_max_event-based F1 micro/s,finetune1_val_max_event-based F1 micro/t,finetune1_val_max_segment-based F1/s,finetune1_val_max_segment-based F1/t,finetune1_val_max_weak f1/s,finetune1_val_max_weak f1/t,finetune1_val_max_clip-tag mAP sed/s,finetune1_val_max_mAUC/s,finetune1_val_max_mpAUC/s,finetune1_test_psds1/s,finetune1_test_psds1/t,finetune1_test_psds2/s,finetune1_test_psds2/t,finetune1_test_event-based f1/s,finetune1_test_event-based f1/t,finetune1_test_event-based f1 micro/s,finetune1_test_event-based f1 micro/t,finetune1_test_segment-based f1/s,finetune1_test_segment-based f1/t,finetune1_test_mAUC/s,finetune1_test_mpAUC/s,finetune1_best_student_val,finetune1_best_teacher_val,finetune2_val_max_psds1/s,finetune2_val_max_psds1/t,finetune2_val_max_psds2/s,finetune2_val_max_psds2/t,finetune2_val_max_event-based F1/s,finetune2_val_max_event-based F1/t,finetune2_val_max_event-based F1 micro/s,finetune2_val_max_event-based F1 micro/t,finetune2_val_max_segment-based F1/s,finetune2_val_max_segment-based F1/t,finetune2_val_max_weak f1/s,finetune2_val_max_weak f1/t,finetune2_val_max_clip-tag mAP sed/s,finetune2_val_max_mAUC/s,finetune2_val_max_mpAUC/s,finetune2_test_psds1/s,finetune2_test_psds1/t,finetune2_test_psds2/s,finetune2_test_psds2/t,finetune2_test_event-based f1/s,finetune2_test_event-based f1/t,finetune2_test_event-based f1 micro/s,finetune2_test_event-based f1 micro/t,finetune2_test_segment-based f1/s,finetune2_test_segment-based f1/t,finetune2_test_mAUC/s,finetune2_test_mpAUC/s,finetune2_best_student_val,finetune2_best_teacher_val,f2_test_psds1_s_Alarm_bell_ringing,f2_test_psds1_s_Blender,f2_test_psds1_s_Cat,f2_test_psds1_s_Dishes,f2_test_psds1_s_Dog,f2_test_psds1_s_Electric_shaver_toothbrush,f2_test_psds1_s_Frying,f2_test_psds1_s_Running_water,f2_test_psds1_s_Speech,f2_test_psds1_s_Vacuum_cleaner,f2_test_psds1_t_Alarm_bell_ringing,f2_test_psds1_t_Blender,f2_test_psds1_t_Cat,f2_test_psds1_t_Dishes,f2_test_psds1_t_Dog,f2_test_psds1_t_Electric_shaver_toothbrush,f2_test_psds1_t_Frying,f2_test_psds1_t_Running_water,f2_test_psds1_t_Speech,f2_test_psds1_t_Vacuum_cleaner,f2_psds1_test_short_mean_t,f2_psds1_test_long_mean_t,f2_psds1_test_poly_high_mean_t,f2_psds1_test_poly_low_mean_t,f2_psds1_test_short_minus_long_t,f2_psds1_test_poly_high_minus_low_t
block,block_bw4,8_8_16,,standard,block,4,0.75,anchor/8_8_16,anchor,,8_8_16,,8_8_16,8_8_16,1,1,1,1,0.01414,0.01397,0.09205,43.84494,0.98812,0.99902,0.0021,0.99411,0.00108,0.03883,0.47004,0.4712,0.73233,0.72797,0.51176,0.49973,0.51573,0.51116,0.84273,0.84063,0.89597,0.90154,0.94787,0.98897,0.91748,0.42652,0.43094,0.67054,0.66938,0.42484,0.43025,0.47131,0.46904,0.73589,0.72697,0.97196,0.83992,0.47,0.471,0.52613,0.52711,0.76371,0.76445,0.60906,0.60861,0.59833,0.59867,0.87041,0.87191,0.90237,0.90356,0.95538,0.98979,0.92448,0.49045,0.50672,0.7109,0.72494,0.53452,0.55677,0.57608,0.56386,0.75222,0.77046,0.97243,0.85439,0.526,0.527,0.62329,0.65589,0.78986,0.26453,0.52032,0.66737,0.81857,0.68636,0.66433,0.82254,0.62769,0.69907,0.79401,0.26053,0.53971,0.78006,0.83479,0.7081,0.66793,0.82378,0.577974,0.76916,0.577974,0.76916,-0.19118599999999997,-0.19118599999999997
block,block_bw4,passt_cnn_anchor_v0,block_bw4/transformerXL,standard,block,4,0.75,anchor/passt_cnn_anchor_v0/block_bw4/transformerXL,anchor,,passt_cnn_anchor_v0,block_bw4/transformerXL,transformerXL,passt_cnn_anchor_v0/block_bw4/transformerXL,1,1,1,1,0.00857,0.01042,0.0801,44.73272,0.98991,0.99938,0.00119,0.63807,0.00151,0.03183,0.47275,0.46732,0.72929,0.72294,0.49848,0.49197,0.50563,0.50613,0.83965,0.84287,0.90376,0.90001,0.94688,0.98875,0.91794,0.42508,0.42027,0.65909,0.65466,0.39652,0.38834,0.41974,0.40958,0.71247,0.71223,0.96839,0.82609,0.473,0.467,0.52701,0.52182,0.7603,0.76022,0.61838,0.61615,0.58796,0.59042,0.87019,0.87412,0.90559,0.90698,0.95208,0.98902,0.91951,0.48493,0.48251,0.69895,0.70903,0.55543,0.56255,0.55257,0.57181,0.77236,0.78156,0.97133,0.84924,0.527,0.522,0.59338,0.65228,0.77884,0.26108,0.49544,0.77771,0.78931,0.66927,0.66666,0.82446,0.61484,0.65489,0.78491,0.25998,0.46397,0.778,0.79144,0.691,0.65919,0.82086,0.5565780000000001,0.7472380000000001,0.5565780000000001,0.7472380000000001,-0.19065999999999994,-0.19065999999999994
block,block_bw4,passt_cnn_anchor_v1,block_bw4/transformerXL,standard,block,4,0.75,anchor/passt_cnn_anchor_v1/block_bw4/transformerXL,anchor,,passt_cnn_anchor_v1,block_bw4/transformerXL,transformerXL,passt_cnn_anchor_v1/block_bw4/transformerXL,1,1,1,1,0.00505,0.00473,0.05394,48.2657,0.99479,0.99956,0.00083,0.49725,0.0005,0.0164,0.46404,0.4668,0.73813,0.73448,0.50673,0.50585,0.51018,0.5131,0.84278,0.84075,0.89094,0.90073,0.9469,0.98873,0.91629,0.41576,0.42052,0.66767,0.66824,0.44091,0.44277,0.47475,0.47061,0.72983,0.73054,0.97213,0.84052,0.464,0.467,0.52506,0.53108,0.75942,0.76081,0.56817,0.56187,0.5801,0.57688,0.86284,0.86384,0.89915,0.90313,0.95028,0.98922,0.92143,0.47585,0.49452,0.71224,0.71487,0.51818,0.49668,0.55006,0.53354,0.77188,0.75754,0.97184,0.85566,0.525,0.531,0.5477,0.69572,0.78926,0.26794,0.48046,0.71722,0.81876,0.62955,0.66633,0.82782,0.64459,0.67026,0.79836,0.26437,0.51914,0.67182,0.81253,0.68001,0.6673,0.79841,0.5787519999999999,0.7266060000000001,0.5787519999999999,0.7266060000000001,-0.14785400000000015,-0.14785400000000015
block,block_bw16,passt_cnn_anchor_v1_5,block_bw16/transformerXL,standard,block,16,0.75,anchor/passt_cnn_anchor_v1_5/block_bw16/transformerXL,anchor,,passt_cnn_anchor_v1_5,block_bw16/transformerXL,transformerXL,passt_cnn_anchor_v1_5/block_bw16/transformerXL,1,1,1,1,0.00522,0.00583,0.06017,47.93496,0.99401,0.9997,0.00049,0.27889,0.00152,0.03898,0.46241,0.46308,0.73455,0.73037,0.51578,0.50888,0.5155,0.51068,0.84153,0.84141,0.89594,0.89844,0.94697,0.98878,0.91599,0.41711,0.41301,0.66664,0.67001,0.45502,0.45407,0.48751,0.47889,0.72647,0.73242,0.97161,0.83777,0.462,0.463,0.52251,0.52002,0.76529,0.76347,0.60985,0.60668,0.59496,0.59335,0.86994,0.86887,0.90431,0.90648,0.95055,0.98873,0.91923,0.47675,0.48699,0.7158,0.72769,0.52407,0.56773,0.5633,0.58455,0.74516,0.78171,0.97358,0.85927,0.523,0.52,0.55179,0.65215,0.75791,0.24888,0.50841,0.71493,0.82914,0.71688,0.65213,0.81149,0.63353,0.68592,0.80096,0.25307,0.46096,0.79189,0.8229,0.70595,0.6581,0.82983,0.561324,0.7672979999999999,0.561324,0.7672979999999999,-0.20597399999999988,-0.20597399999999988
block,block_bw16,passt_cnn_anchor_v1_5_dnl,block_bw16/transformerXL,standard,block,16,0.75,anchor/passt_cnn_anchor_v1_5_dnl/block_bw16/transformerXL,anchor,,passt_cnn_anchor_v1_5_dnl,block_bw16/transformerXL,transformerXL,passt_cnn_anchor_v1_5_dnl/block_bw16/transformerXL,1,1,1,1,0.00517,0.00598,0.06053,47.82124,0.99385,0.99969,0.00051,0.28334,0.00172,0.04132,0.46303,0.46313,0.7328,0.72941,0.5079,0.50059,0.51464,0.50861,0.84184,0.84017,0.89594,0.89844,0.94676,0.98875,0.91571,0.40694,0.40911,0.66808,0.66744,0.45521,0.45334,0.48516,0.47928,0.73444,0.73191,0.97188,0.84014,0.463,0.463,0.52112,0.52675,0.76316,0.76228,0.60369,0.60549,0.58966,0.58796,0.86968,0.86936,0.90126,0.9025,0.95619,0.98942,0.92099,0.4753,0.49544,0.71887,0.72899,0.55453,0.56712,0.57816,0.57853,0.76253,0.77653,0.97323,0.85841,0.521,0.527,0.5901,0.57403,0.76262,0.25577,0.49333,0.74732,0.81053,0.70567,0.67536,0.81382,0.64174,0.64696,0.80513,0.26274,0.48481,0.79411,0.84276,0.72014,0.67235,0.84879,0.5733539999999999,0.770552,0.5733539999999999,0.770552,-0.1971980000000001,-0.1971980000000001
shuffle,passt_cnn_anchor_v1_5_shuffle_ft1_ft2,passt_cnn_anchor_v1_5_shuffle_ft1_ft2,shuffle_anchor_v1_5/transformerXL,shuffle,block,10,0.75,anchor/passt_cnn_anchor_v1_5_shuffle_ft1_ft2/shuffle_anchor_v1_5/transformerXL,anchor,,passt_cnn_anchor_v1_5_shuffle_ft1_ft2,shuffle_anchor_v1_5/transformerXL,transformerXL,passt_cnn_anchor_v1_5_shuffle_ft1_ft2/shuffle_anchor_v1_5/transformerXL,1,1,1,1,0.02125,0.00731,0.06694,44.41918,0.98829,0.99544,0.00703,4.09546,0.00216,0.04543,0.45889,0.46314,0.74104,0.73536,0.50024,0.50103,0.51618,0.50721,0.84025,0.83759,0.89126,0.90031,0.94787,0.98859,0.91554,0.41519,0.41959,0.66506,0.67758,0.43501,0.45305,0.45752,0.47551,0.70234,0.72517,0.968,0.82699,0.459,0.463,0.52144,0.51962,0.76905,0.77226,0.62264,0.62951,0.60807,0.60666,0.876,0.87771,0.90855,0.90549,0.95553,0.98921,0.92295,0.49764,0.48973,0.71303,0.72295,0.53382,0.56203,0.56088,0.56893,0.75536,0.77899,0.97475,0.86655,0.521,0.52,0.61109,0.72777,0.76812,0.27325,0.51797,0.7804,0.87359,0.65378,0.6393,0.83626,0.62472,0.66046,0.74812,0.26436,0.48545,0.83431,0.84453,0.69849,0.65385,0.81227,0.5553000000000001,0.770012,0.5553000000000001,0.770012,-0.2147119999999999,-0.2147119999999999
block,block_bw4,passt_cnn_anchor_v1_6,block_bw4/transformerXL,standard,block,4,0.75,anchor/passt_cnn_anchor_v1_6/block_bw4/transformerXL,anchor,,passt_cnn_anchor_v1_6,block_bw4/transformerXL,transformerXL,passt_cnn_anchor_v1_6/block_bw4/transformerXL,1,1,1,1,0.01237,0.01356,0.09112,45.25121,0.98955,0.99908,0.00187,0.83525,0.00097,0.03389,0.46526,0.46665,0.73188,0.72744,0.5113,0.49256,0.51089,0.50673,0.84046,0.84068,0.89454,0.9005,0.94873,0.98893,0.91696,0.417,0.42406,0.66797,0.66723,0.4318,0.43803,0.47263,0.47026,0.72999,0.72715,0.97184,0.83979,0.465,0.467,0.51938,0.5253,0.75998,0.75896,0.60605,0.61447,0.59023,0.5937,0.86811,0.8687,0.90152,0.90199,0.95133,0.98927,0.92114,0.49103,0.49669,0.70757,0.71827,0.52636,0.55918,0.54989,0.57179,0.76143,0.77751,0.97371,0.858,0.519,0.525,0.65446,0.66758,0.78961,0.24188,0.52143,0.78344,0.82868,0.65596,0.65845,0.78638,0.62279,0.67424,0.79408,0.24978,0.53596,0.76749,0.81843,0.7001,0.65826,0.81771,0.572174,0.755594,0.572174,0.755594,-0.18342000000000003,-0.18342000000000003
block,block_bw4,passt_cnn_anchor_v1_6_bimamba,block_bw4/bimamba,standard,block,4,0.75,anchor/passt_cnn_anchor_v1_6_bimamba/block_bw4/bimamba,anchor,,passt_cnn_anchor_v1_6_bimamba,block_bw4/bimamba,bimamba,passt_cnn_anchor_v1_6_bimamba/block_bw4/bimamba,1,1,1,1,0.01476,0.01548,0.09815,44.15777,0.98786,0.99875,0.00234,1.19406,0.00185,0.04285,0.47861,0.47545,0.72787,0.72111,0.4621,0.46033,0.49282,0.49468,0.82584,0.82443,0.89493,0.89596,0.94688,0.98896,0.91736,0.41066,0.41643,0.64643,0.65107,0.36435,0.37983,0.41476,0.43153,0.70684,0.71679,0.97024,0.83367,0.479,0.475,0.52667,0.52838,0.77849,0.77298,0.60423,0.60362,0.58638,0.58674,0.86754,0.86978,0.90796,0.91005,0.94947,0.98906,0.92139,,,,,,,,,,,,,,,,,,,,,,,,,,,,,,,,,,,,,,,,
inverse_block,inverse_block_bw4,passt_cnn_anchor_v1_6_inv_bw4,inverse_block_bw4/transformerXL,standard,inverse_block,4,0.75,anchor/passt_cnn_anchor_v1_6_inv_bw4/inverse_block_bw4/transformerXL,anchor,,passt_cnn_anchor_v1_6_inv_bw4,inverse_block_bw4/transformerXL,transformerXL,passt_cnn_anchor_v1_6_inv_bw4/inverse_block_bw4/transformerXL,1,1,1,1,0.01214,0.01389,0.09259,45.24416,0.98938,0.9993,0.00176,0.98047,0.00152,0.03053,0.46428,0.46599,0.73071,0.72718,0.50975,0.49815,0.51242,0.50789,0.8404,0.84042,0.89454,0.9005,0.94842,0.98891,0.9172,0.41753,0.42336,0.66828,0.66703,0.43568,0.43975,0.47523,0.47147,0.73062,0.72837,0.97194,0.8402,0.464,0.466,0.52587,0.52698,0.75266,0.76443,0.60587,0.61332,0.59044,0.59356,0.869,0.87122,0.90214,0.90246,0.94968,0.98925,0.92103,0.48975,0.50038,0.70985,0.71813,0.55584,0.54516,0.5707,0.56642,0.74846,0.76979,0.97014,0.85189,0.526,0.527,0.61651,0.67926,0.78802,0.26139,0.50263,0.79795,0.80887,0.65658,0.64761,0.80249,0.62215,0.71827,0.80347,0.26198,0.53556,0.77006,0.81588,0.67034,0.64976,0.77907,0.574584,0.750724,0.574584,0.750724,-0.17613999999999996,-0.17613999999999996
block,block_bw4,passt_cnn_anchor_v1_cnn7,block_bw4/transformerXL,standard,block,4,0.75,anchor/passt_cnn_anchor_v1_cnn7/block_bw4/transformerXL,anchor,,passt_cnn_anchor_v1_cnn7,block_bw4/transformerXL,transformerXL,passt_cnn_anchor_v1_cnn7/block_bw4/transformerXL,1,1,1,1,0.00494,0.00805,0.06915,46.46311,0.99022,0.99957,0.00079,0.4848,0.00063,0.02218,0.46572,0.46666,0.73098,0.73233,0.52251,0.52088,0.50991,0.5082,0.84348,0.84087,0.89469,0.90012,0.94712,0.98865,0.91439,0.40805,0.40482,0.65882,0.67309,0.42496,0.44249,0.44407,0.45948,0.68717,0.73215,0.96983,0.82735,0.466,0.467,0.52613,0.52551,0.76919,0.7663,0.5946,0.596,0.59362,0.5931,0.8634,0.87124,0.90083,0.90647,0.9554,0.98954,0.92314,0.47567,0.46745,0.70314,0.71841,0.53431,0.5328,0.56016,0.56359,0.7523,0.7592,0.97097,0.85448,0.526,0.526,0.62649,0.60638,0.76872,0.2538,0.46708,0.73335,0.82665,0.69475,0.66358,0.8368,0.60299,0.61877,0.80189,0.27691,0.4177,0.65734,0.82353,0.6884,0.6675,0.82676,0.553398,0.72296,0.553398,0.72296,-0.1695620000000001,-0.1695620000000001
block,block_bw4,passt_cnn_anchor_v1_dnl,block_bw4/transformerXL,standard,block,4,0.75,anchor/passt_cnn_anchor_v1_dnl/block_bw4/transformerXL,anchor,,passt_cnn_anchor_v1_dnl,block_bw4/transformerXL,transformerXL,passt_cnn_anchor_v1_dnl/block_bw4/transformerXL,1,1,1,1,0.00508,0.00653,0.06244,46.77414,0.99306,0.99954,0.00084,0.50062,0.00114,0.03317,0.46644,0.46791,0.73679,0.72982,0.50858,0.50527,0.50971,0.50886,0.84147,0.83992,0.89207,0.89983,0.94773,0.98886,0.91731,0.41813,0.42183,0.66722,0.66812,0.44566,0.44984,0.47389,0.47098,0.72838,0.72736,0.97185,0.84017,0.466,0.468,0.50476,0.51469,0.75112,0.75869,0.57806,0.58852,0.57527,0.58026,0.86157,0.86707,0.89784,0.90231,0.95201,0.98916,0.92016,0.46764,0.48195,0.70739,0.7286,0.52614,0.55524,0.55971,0.57182,0.76138,0.77374,0.97503,0.86035,0.505,0.515,0.55307,0.6892,0.78667,0.24268,0.43865,0.78255,0.80842,0.70118,0.66364,0.82686,0.63136,0.65525,0.78341,0.23686,0.49345,0.73804,0.82001,0.68561,0.6591,0.81439,0.560836,0.74266,0.560836,0.74266,-0.18182399999999999,-0.18182399999999999
block,block_bw4,passt_cnn_anchor_v1_e15,block_bw4/transformerXL,standard,block,4,0.75,anchor/passt_cnn_anchor_v1_e15/block_bw4/transformerXL,anchor,,passt_cnn_anchor_v1_e15,block_bw4/transformerXL,transformerXL,passt_cnn_anchor_v1_e15/block_bw4/transformerXL,1,1,1,1,0.00892,0.00731,0.06725,46.20499,0.99287,0.9993,0.00136,0.71831,0.00052,0.02339,0.46448,0.46712,0.73588,0.73232,0.50915,0.49785,0.50965,0.51003,0.84144,0.84134,0.89094,0.90073,0.94744,0.98872,0.91649,0.41772,0.42244,0.6673,0.66859,0.4382,0.4436,0.47395,0.4715,0.72787,0.72766,0.9717,0.83958,0.464,0.467,0.52372,0.52449,0.75545,0.75992,0.60176,0.61274,0.59092,0.59502,0.86546,0.8701,0.89923,0.90066,0.95399,0.98907,0.91929,0.48895,0.50274,0.70805,0.71793,0.54012,0.55168,0.55225,0.57045,0.75967,0.77834,0.97178,0.85166,0.524,0.524,0.61728,0.65574,0.78452,0.25124,0.50093,0.78369,0.77434,0.70785,0.66488,0.78569,0.62677,0.67413,0.80986,0.26088,0.54346,0.7591,0.82893,0.69778,0.6621,0.83608,0.580614,0.7592039999999999,0.580614,0.7592039999999999,-0.17858999999999992,-0.17858999999999992
block,block_bw4,passt_cnn_anchor_v1_fdb12,block_bw4/transformerXL,standard,block,4,0.75,anchor/passt_cnn_anchor_v1_fdb12/block_bw4/transformerXL,anchor,,passt_cnn_anchor_v1_fdb12,block_bw4/transformerXL,transformerXL,passt_cnn_anchor_v1_fdb12/block_bw4/transformerXL,1,1,1,1,0.00492,0.00452,0.05276,48.45764,0.99505,0.99959,0.00079,0.47439,0.00038,0.0103,0.46509,0.46879,0.73616,0.73353,0.50984,0.4965,0.51236,0.50943,0.84189,0.84182,0.89094,0.90073,0.94712,0.9888,0.9167,0.41625,0.42092,0.66923,0.67055,0.44816,0.44718,0.47956,0.47136,0.73008,0.72977,0.97222,0.84109,0.465,0.469,0.52327,0.52592,0.75977,0.76502,0.58369,0.58445,0.57957,0.57975,0.86313,0.86313,0.89797,0.90233,0.95527,0.98917,0.92044,0.48398,0.4879,0.71057,0.7198,0.51202,0.51927,0.5566,0.54699,0.75312,0.76504,0.97273,0.85088,0.523,0.526,0.64154,0.60121,0.76773,0.26116,0.53867,0.61683,0.7975,0.68669,0.66921,0.79785,0.65777,0.66462,0.81131,0.26065,0.49418,0.64502,0.815,0.68712,0.67049,0.81401,0.5788800000000001,0.725154,0.5788800000000001,0.725154,-0.1462739999999999,-0.1462739999999999
block,block_bw4,passt_cnn_anchor_v1_jitter_batches,block_bw4/transformerXL,standard,block,4,0.75,anchor/passt_cnn_anchor_v1_jitter_batches/block_bw4/transformerXL,anchor,,passt_cnn_anchor_v1_jitter_batches,block_bw4/transformerXL,transformerXL,passt_cnn_anchor_v1_jitter_batches/block_bw4/transformerXL,1,1,1,1,0.00423,0.00381,0.04864,49.46783,0.9959,0.99965,0.00064,0.40418,0.00055,0.01617,0.46586,0.46769,0.73207,0.72963,0.51214,0.50955,0.51372,0.51308,0.84026,0.84228,0.89094,0.90073,0.94746,0.9889,0.91738,0.41974,0.42594,0.66698,0.66699,0.4353,0.44477,0.4725,0.47487,0.72569,0.7247,0.97181,0.83987,0.466,0.468,0.52928,0.5329,0.75875,0.75692,0.5691,0.57754,0.57821,0.57828,0.86156,0.86369,0.89678,0.89927,0.94941,0.98926,0.92344,0.49017,0.50276,0.70112,0.71288,0.49483,0.50694,0.53859,0.53893,0.74224,0.75409,0.96966,0.8488,0.529,0.533,0.61971,0.6534,0.78722,0.25013,0.54169,0.75497,0.84982,0.65463,0.66817,0.77479,0.62726,0.6493,0.80256,0.2629,0.55329,0.78092,0.83274,0.68602,0.66669,0.82074,0.5825400000000001,0.753944,0.5825400000000001,0.753944,-0.1714039999999999,-0.1714039999999999
block,block_bw4,passt_cnn_anchor_v1_seed256,block_bw4/transformerXL,standard,block,4,0.75,anchor/passt_cnn_anchor_v1_seed256/block_bw4/transformerXL,anchor,,passt_cnn_anchor_v1_seed256,block_bw4/transformerXL,transformerXL,passt_cnn_anchor_v1_seed256/block_bw4/transformerXL,1,1,1,1,0.00525,0.00499,0.05573,48.41853,0.99466,0.99953,0.00087,0.50178,0.00034,0.01358,0.46286,0.46821,0.72651,0.72129,0.51533,0.51369,0.50946,0.51159,0.83724,0.8379,0.89188,0.89375,0.94646,0.98826,0.91246,0.40215,0.40877,0.65855,0.6639,0.42824,0.43179,0.44449,0.45533,0.72507,0.72932,0.97041,0.82897,0.463,0.468,0.52713,0.52927,0.7695,0.76631,0.61684,0.61682,0.59903,0.60112,0.8653,0.87356,0.90081,0.90776,0.95178,0.98922,0.92158,0.4702,0.4901,0.72429,0.72364,0.55211,0.56152,0.57879,0.5768,0.76719,0.78166,0.97443,0.85219,0.527,0.529,0.59797,0.64967,0.80496,0.30242,0.38825,0.76368,0.82909,0.63483,0.65696,0.81715,0.60844,0.67695,0.7829,0.3009,0.44034,0.82154,0.82445,0.67382,0.65183,0.83381,0.556882,0.7661140000000001,0.556882,0.7661140000000001,-0.20923200000000008,-0.20923200000000008
block,block_bw4,passt_cnn_anchor_v1_seed42,block_bw4/transformerXL,standard,block,4,0.75,anchor/passt_cnn_anchor_v1_seed42/block_bw4/transformerXL,anchor,,passt_cnn_anchor_v1_seed42,block_bw4/transformerXL,transformerXL,passt_cnn_anchor_v1_seed42/block_bw4/transformerXL,1,1,1,1,0.00523,0.00534,0.05745,48.98764,0.99461,0.99954,0.00088,0.51441,0.00052,0.02073,0.41488,0.31832,0.66697,0.57367,0.37429,0.15903,0.42914,0.20411,0.71187,0.38895,0.86946,0.86312,0.86583,0.98343,0.88269,0.35636,0.26523,0.57316,0.48009,0.33921,0.17129,0.37751,0.20523,0.61116,0.37357,0.96036,0.78569,0.415,0.318,0.51688,0.51555,0.76123,0.75738,0.5911,0.58357,0.592,0.59458,0.8627,0.865,0.90279,0.90248,0.95661,0.98927,0.91839,0.49828,0.49819,0.72024,0.71588,0.52882,0.52834,0.55951,0.56257,0.78467,0.78768,0.97284,0.85496,0.517,0.516,0.5884,0.74101,0.78733,0.30555,0.49374,0.6943,0.77645,0.64948,0.654,0.77795,0.58005,0.68762,0.80272,0.29679,0.53244,0.6725,0.78754,0.67076,0.6508,0.8397,0.57256,0.731624,0.57256,0.731624,-0.1590640000000001,-0.1590640000000001
block,block_bw4,passt_cnn_anchor_v1_seed7,block_bw4/transformerXL,standard,block,4,0.75,anchor/passt_cnn_anchor_v1_seed7/block_bw4/transformerXL,anchor,,passt_cnn_anchor_v1_seed7,block_bw4/transformerXL,transformerXL,passt_cnn_anchor_v1_seed7/block_bw4/transformerXL,1,1,1,1,0.00487,0.00438,0.05209,48.3987,0.9951,0.99959,0.00077,0.48438,0.00045,0.01413,0.45775,0.46539,0.71706,0.71738,0.51081,0.51086,0.51025,0.50763,0.8383,0.83461,0.8926,0.89538,0.94623,0.98791,0.91204,0.41433,0.4183,0.646,0.64988,0.42836,0.41568,0.44947,0.43974,0.71255,0.71283,0.96918,0.82717,0.458,0.465,0.533,0.52826,0.76896,0.76704,0.61297,0.61037,0.59461,0.59508,0.86942,0.87254,0.89952,0.90318,0.95404,0.98963,0.92301,0.49737,0.49784,0.72181,0.7227,0.539,0.54969,0.56846,0.56444,0.75447,0.76678,0.9724,0.8566,0.533,0.528,0.61907,0.65751,0.79885,0.26517,0.52314,0.78691,0.78082,0.68403,0.66366,0.83744,0.60236,0.68673,0.78315,0.2643,0.51179,0.82074,0.79441,0.71324,0.65961,0.81606,0.5642419999999999,0.7662359999999999,0.5642419999999999,0.7662359999999999,-0.201994,-0.201994
block,block_bw4,passt_cnn_anchor_v1_seed99,block_bw4/transformerXL,standard,block,4,0.75,anchor/passt_cnn_anchor_v1_seed99/block_bw4/transformerXL,anchor,,passt_cnn_anchor_v1_seed99,block_bw4/transformerXL,transformerXL,passt_cnn_anchor_v1_seed99/block_bw4/transformerXL,1,1,1,1,0.00495,0.00506,0.05605,48.54346,0.99463,0.99955,0.00082,0.49555,0.00052,0.02313,0.39545,0.35377,0.62036,0.56666,0.42643,0.25745,0.44895,0.32978,0.76408,0.55741,0.87862,0.86524,0.89267,0.98414,0.8811,0.34167,0.30127,0.53062,0.46415,0.36788,0.21888,0.38832,0.27349,0.65872,0.46208,0.9623,0.78246,0.395,0.354,0.50846,0.50048,0.75095,0.74205,0.60207,0.60132,0.59606,0.59315,0.86814,0.86978,0.90677,0.9093,0.95535,0.98936,0.91998,0.49197,0.48184,0.70551,0.73976,0.50645,0.55358,0.52097,0.58342,0.77348,0.79672,0.97576,0.86148,0.508,0.5,0.61593,0.71883,0.75817,0.23508,0.56261,0.73499,0.82985,0.68439,0.63325,0.8061,0.59308,0.67299,0.78839,0.28137,0.44216,0.77378,0.79127,0.64825,0.68156,0.83574,0.557312,0.7444059999999999,0.557312,0.7444059999999999,-0.18709399999999987,-0.18709399999999987
shuffle,passt_cnn_anchor_v1_shuffle_bw5_f20_ft1_ft2,passt_cnn_anchor_v1_shuffle_bw5_f20_ft1_ft2,shuffle_anchor_v1_bw5_f20/transformerXL,shuffle,block,10,0.75,anchor/passt_cnn_anchor_v1_shuffle_bw5_f20_ft1_ft2/shuffle_anchor_v1_bw5_f20/transformerXL,anchor,,passt_cnn_anchor_v1_shuffle_bw5_f20_ft1_ft2,shuffle_anchor_v1_bw5_f20/transformerXL,transformerXL,passt_cnn_anchor_v1_shuffle_bw5_f20_ft1_ft2/shuffle_anchor_v1_bw5_f20/transformerXL,1,1,1,1,0.02125,0.00731,0.06694,44.4192,0.98829,0.99544,0.00703,4.09625,0.00216,0.04543,0.46034,0.46227,0.74014,0.73465,0.50182,0.50223,0.51348,0.5084,0.84074,0.8373,0.89126,0.90031,0.94782,0.98859,0.91558,0.41548,0.4203,0.66594,0.67822,0.4336,0.45593,0.4577,0.47953,0.70378,0.72585,0.96786,0.82693,0.46,0.462,0.52492,0.52742,0.77162,0.77044,0.61811,0.62364,0.6036,0.60434,0.87123,0.87615,0.90563,0.90541,0.95608,0.98958,0.92209,0.48618,0.49566,0.70026,0.71686,0.52984,0.56325,0.56123,0.56877,0.7621,0.7806,0.97469,0.86532,0.525,0.527,0.59756,0.71581,0.76441,0.25085,0.52119,0.7536,0.87629,0.64041,0.64886,0.84406,0.59973,0.66744,0.75824,0.26419,0.52433,0.82143,0.83606,0.70913,0.65087,0.82686,0.559472,0.772184,0.559472,0.772184,-0.212712,-0.212712
shuffle,passt_cnn_anchor_v1_shuffle_frame_ft1_ft2,passt_cnn_anchor_v1_shuffle_frame_ft1_ft2,shuffle_anchor_v1_frame/transformerXL,shuffle,block,4,0.75,anchor/passt_cnn_anchor_v1_shuffle_frame_ft1_ft2/shuffle_anchor_v1_frame/transformerXL,anchor,,passt_cnn_anchor_v1_shuffle_frame_ft1_ft2,shuffle_anchor_v1_frame/transformerXL,transformerXL,passt_cnn_anchor_v1_shuffle_frame_ft1_ft2/shuffle_anchor_v1_frame/transformerXL,1,1,1,1,0.00502,0.00411,0.04946,48.56651,0.99513,0.99775,0.0034,0.98806,0.00041,0.01208,0.46802,0.47018,0.73454,0.73017,0.50876,0.50415,0.51055,0.50772,0.84069,0.84047,0.89126,0.90031,0.94661,0.98882,0.91703,0.42195,0.42655,0.66804,0.66937,0.44074,0.4473,0.47923,0.47589,0.72455,0.72484,0.97158,0.84006,0.468,0.47,0.51912,0.52032,0.76537,0.76191,0.60812,0.60869,0.59103,0.59212,0.8662,0.8682,0.90377,0.90552,0.95258,0.98917,0.92348,0.48333,0.49334,0.71919,0.72327,0.5357,0.55417,0.56619,0.56958,0.76746,0.77817,0.97374,0.86082,0.519,0.52,0.611,0.72141,0.7802,0.25196,0.4574,0.77429,0.80546,0.67926,0.66832,0.78587,0.62563,0.70574,0.8098,0.24572,0.50401,0.75656,0.8079,0.69905,0.67143,0.82211,0.571318,0.758272,0.571318,0.758272,-0.18695399999999995,-0.18695399999999995
shuffle,passt_cnn_anchor_v1_shuffle_ft1_ft2,passt_cnn_anchor_v1_shuffle_ft1_ft2,shuffle_anchor_v1/transformerXL,shuffle,block,10,0.75,anchor/passt_cnn_anchor_v1_shuffle_ft1_ft2/shuffle_anchor_v1/transformerXL,anchor,,passt_cnn_anchor_v1_shuffle_ft1_ft2,shuffle_anchor_v1/transformerXL,transformerXL,passt_cnn_anchor_v1_shuffle_ft1_ft2/shuffle_anchor_v1/transformerXL,1,1,1,1,0.02125,0.00731,0.06694,44.41919,0.98829,0.99544,0.00703,4.09688,0.00216,0.04543,0.45905,0.46311,0.74071,0.73516,0.50156,0.50186,0.51457,0.50829,0.84035,0.83753,0.89126,0.90031,0.9478,0.98859,0.91559,0.41555,0.42049,0.66512,0.67731,0.43286,0.4535,0.45645,0.4764,0.70254,0.72561,0.96791,0.8269,0.459,0.463,0.52416,0.52029,0.7782,0.77183,0.62077,0.6266,0.60397,0.6066,0.8705,0.87551,0.90048,0.90567,0.95621,0.98968,0.92341,0.46461,0.46859,0.72814,0.72853,0.55301,0.57176,0.57628,0.58389,0.78012,0.7887,0.97487,0.86475,0.524,0.52,0.55027,0.65348,0.75007,0.26799,0.40836,0.83599,0.8244,0.70773,0.66043,0.84712,0.55465,0.70672,0.74855,0.26516,0.40869,0.82737,0.84883,0.711,0.6558,0.8498,0.52657,0.788744,0.52657,0.788744,-0.262174,-0.262174
block,block_bw4,passt_cnn_anchor_v2.2,block_bw4/transformerXL,standard,block,4,0.75,anchor/passt_cnn_anchor_v2.2/block_bw4/transformerXL,anchor,,passt_cnn_anchor_v2.2,block_bw4/transformerXL,transformerXL,passt_cnn_anchor_v2.2/block_bw4/transformerXL,1,1,1,1,0.00744,0.0069,0.06506,47.40615,0.99347,0.99948,0.00102,0.53011,0.00109,0.02727,0.47017,0.46555,0.72551,0.7231,0.49216,0.49278,0.49552,0.49954,0.84001,0.8422,0.8958,0.90252,0.94761,0.98866,0.91679,0.43198,0.42376,0.66217,0.65543,0.40114,0.40966,0.41579,0.43672,0.72247,0.72668,0.96933,0.83265,0.47,0.466,0.51271,0.52685,0.77478,0.76345,0.60564,0.61194,0.58192,0.58745,0.87087,0.8728,0.90585,0.90587,0.95223,0.98869,0.92269,0.49222,0.49919,0.70935,0.72293,0.54147,0.55087,0.54855,0.56103,0.77316,0.78418,0.97245,0.85545,0.513,0.527,0.66312,0.69327,0.80496,0.24012,0.49173,0.73343,0.79869,0.7136,0.66622,0.84238,0.63367,0.6879,0.81547,0.24516,0.52605,0.7801,0.80542,0.71758,0.66333,0.84975,0.576736,0.76815,0.576736,0.76815,-0.19141399999999997,-0.19141399999999997
block,block_bw4,passt_cnn_anchor_v2,block_bw4/transformerXL,standard,block,4,0.75,anchor/passt_cnn_anchor_v2/block_bw4/transformerXL,anchor,,passt_cnn_anchor_v2,block_bw4/transformerXL,transformerXL,passt_cnn_anchor_v2/block_bw4/transformerXL,1,1,1,1,0.00744,0.0069,0.06506,47.40615,0.99347,0.99948,0.00102,0.53011,0.00109,0.02727,0.47017,0.46555,0.72551,0.7231,0.49216,0.49278,0.49552,0.49954,0.84001,0.8422,0.8958,0.90252,0.94761,0.98866,0.91679,0.43198,0.42376,0.66217,0.65543,0.40114,0.40966,0.41579,0.43672,0.72247,0.72668,0.96933,0.83265,0.47,0.466,0.51271,0.52685,0.77478,0.76345,0.60564,0.61194,0.58192,0.58745,0.87087,0.8728,0.90585,0.90587,0.95223,0.98869,0.92269,0.49222,0.49919,0.70935,0.72293,0.54147,0.55087,0.54855,0.56103,0.77316,0.78418,0.97245,0.85545,0.513,0.527,0.66312,0.69327,0.80496,0.24012,0.49173,0.73343,0.79869,0.7136,0.66622,0.84238,0.63367,0.6879,0.81547,0.24516,0.52605,0.7801,0.80542,0.71758,0.66333,0.84975,0.576736,0.76815,0.576736,0.76815,-0.19141399999999997,-0.19141399999999997
block,block_bw4,passt_cnn_anchor_v2_bimamba,block_bw4/bimamba,standard,block,4,0.75,anchor/passt_cnn_anchor_v2_bimamba/block_bw4/bimamba,anchor,,passt_cnn_anchor_v2_bimamba,block_bw4/bimamba,bimamba,passt_cnn_anchor_v2_bimamba/block_bw4/bimamba,1,1,1,1,0.01045,0.01414,0.09302,43.51534,0.9859,0.9991,0.00168,0.93959,0.00237,0.05908,0.47698,0.47208,0.71758,0.71538,0.46026,0.45234,0.49303,0.49273,0.82262,0.82111,0.8909,0.899,0.94605,0.98866,0.91609,0.42055,0.4251,0.65305,0.65463,0.34968,0.38057,0.41635,0.42085,0.70455,0.71565,0.97011,0.8318,0.477,0.472,0.52632,0.53445,0.77348,0.77618,0.57446,0.58095,0.56783,0.56768,0.86744,0.86655,0.9099,0.90821,0.95316,0.98809,0.92286,0.47652,0.48388,0.69702,0.7021,0.51665,0.5234,0.54031,0.54588,0.76187,0.76944,0.97077,0.85274,0.526,0.534,0.60101,0.62072,0.75174,0.25137,0.48151,0.75451,0.85192,0.69587,0.66097,0.83102,0.61279,0.6225,0.76853,0.25183,0.49926,0.74013,0.86122,0.70527,0.67479,0.85157,0.5614399999999999,0.7561380000000001,0.5614399999999999,0.7561380000000001,-0.19469800000000015,-0.19469800000000015
block,block_bw10,passt_cnn_anchor_v2_bw10,block_bw10/transformerXL,standard,block,10,0.75,anchor/passt_cnn_anchor_v2_bw10/block_bw10/transformerXL,anchor,,passt_cnn_anchor_v2_bw10,block_bw10/transformerXL,transformerXL,passt_cnn_anchor_v2_bw10/block_bw10/transformerXL,1,1,1,1,0.00748,0.00756,0.06719,46.92075,0.99229,0.99964,0.00067,0.3421,0.00099,0.0258,0.47202,0.46648,0.72662,0.72347,0.49242,0.49267,0.4965,0.50017,0.84008,0.84191,0.8958,0.90252,0.94767,0.98868,0.91678,0.43228,0.42249,0.6615,0.65478,0.4022,0.40957,0.41979,0.43953,0.72454,0.72635,0.96939,0.83293,0.472,0.466,0.51279,0.52168,0.75771,0.76316,0.60153,0.61456,0.58538,0.59274,0.86493,0.86983,0.89839,0.90535,0.95003,0.98873,0.92353,0.48041,0.48103,0.70801,0.71588,0.55882,0.54166,0.56826,0.55446,0.77105,0.77882,0.97041,0.84979,0.513,0.522,0.62861,0.6792,0.77427,0.24984,0.47474,0.71282,0.76775,0.68332,0.65874,0.79378,0.63231,0.64626,0.78472,0.23167,0.50521,0.77268,0.78641,0.70179,0.64476,0.76696,0.5597340000000001,0.73482,0.5597340000000001,0.73482,-0.17508599999999996,-0.17508599999999996
block,block_bw16,passt_cnn_anchor_v2_bw16,block_bw16/transformerXL,standard,block,16,0.75,anchor/passt_cnn_anchor_v2_bw16/block_bw16/transformerXL,anchor,,passt_cnn_anchor_v2_bw16,block_bw16/transformerXL,transformerXL,passt_cnn_anchor_v2_bw16/block_bw16/transformerXL,1,1,1,1,0.00849,0.00928,0.076,45.20554,0.99121,0.99961,0.0006,0.32018,0.00193,0.02946,0.4711,0.46918,0.73351,0.72394,0.49584,0.49041,0.50215,0.49826,0.83853,0.8388,0.90152,0.90172,0.94757,0.98891,0.91824,0.42644,0.42362,0.66381,0.65318,0.42199,0.39596,0.43649,0.41858,0.73446,0.71841,0.97025,0.83519,0.471,0.469,0.52996,0.52873,0.76462,0.76604,0.61706,0.61891,0.58865,0.58735,0.87206,0.86831,0.90456,0.90516,0.95493,0.98929,0.92216,,,,,,,,,,,,,,,,,,,,,,,,,,,,,,,,,,,,,,,,
block,block_bw16,passt_cnn_anchor_v2_bw16,passt_cnn_pt1_ft1_ft2_jitter_bw16/block_bw16/transformerXL,standard,block,16,0.75,anchor/passt_cnn_anchor_v2_bw16/passt_cnn_pt1_ft1_ft2_jitter_bw16/block_bw16/transformerXL,anchor,,passt_cnn_anchor_v2_bw16,passt_cnn_pt1_ft1_ft2_jitter_bw16/block_bw16/transformerXL,transformerXL,passt_cnn_anchor_v2_bw16/passt_cnn_pt1_ft1_ft2_jitter_bw16/block_bw16/transformerXL,1,1,1,1,0.00849,0.00928,0.076,45.20554,0.99121,0.99961,0.0006,0.32018,0.00193,0.02946,0.4711,0.46918,0.73351,0.72394,0.49584,0.49041,0.50215,0.49826,0.83853,0.8388,0.90152,0.90172,0.94757,0.98891,0.91824,0.42644,0.42362,0.66381,0.65318,0.42199,0.39596,0.43649,0.41858,0.73446,0.71841,0.97025,0.83519,0.471,0.469,0.52996,0.52873,0.76462,0.76604,0.61706,0.61891,0.58865,0.58735,0.87206,0.86878,0.90456,0.90516,0.9553,0.98929,0.92216,0.49692,0.49879,0.7189,0.70552,0.54228,0.55829,0.55646,0.56577,0.75639,0.77728,0.97517,0.86307,0.53,0.529,0.61805,0.70041,0.77032,0.25388,0.53415,0.83697,0.82124,0.67831,0.63776,0.82552,0.65338,0.67287,0.77281,0.24627,0.54792,0.73831,0.81106,0.71387,0.65187,0.82036,0.57445,0.7512939999999999,0.57445,0.7512939999999999,-0.1768439999999999,-0.1768439999999999
block,block_bw4,passt_cnn_anchor_v2_seed42,block_bw4/transformerXL,standard,block,4,0.75,anchor/passt_cnn_anchor_v2_seed42/block_bw4/transformerXL,anchor,,passt_cnn_anchor_v2_seed42,block_bw4/transformerXL,transformerXL,passt_cnn_anchor_v2_seed42/block_bw4/transformerXL,1,1,1,1,0.00757,0.00689,0.06386,46.46677,0.99268,0.99944,0.00108,0.59904,0.00136,0.0332,0.46375,0.46216,0.73517,0.74056,0.51578,0.51935,0.50802,0.509,0.84294,0.84217,0.89105,0.89891,0.94728,0.98824,0.91392,0.42031,0.42158,0.66615,0.67244,0.39406,0.44107,0.42979,0.46189,0.68126,0.72691,0.96799,0.82674,0.464,0.462,0.5174,0.51508,0.76344,0.76505,0.57311,0.57917,0.57732,0.58211,0.86002,0.86502,0.90715,0.90535,0.95232,0.98863,0.91933,0.46017,0.47538,0.68788,0.70933,0.488,0.49962,0.51159,0.52969,0.74424,0.75891,0.97188,0.8427,0.517,0.515,0.6273,0.62571,0.77223,0.23119,0.45224,0.77217,0.78819,0.64697,0.61879,0.75611,0.58947,0.70722,0.7831,0.24164,0.49619,0.6793,0.79244,0.69763,0.62616,0.8182,0.547312,0.738958,0.547312,0.738958,-0.19164599999999998,-0.19164599999999998
block,block_bw4,passt_cnn_anchor_v2_seed99,block_bw4/transformerXL,standard,block,4,0.75,anchor/passt_cnn_anchor_v2_seed99/block_bw4/transformerXL,anchor,,passt_cnn_anchor_v2_seed99,block_bw4/transformerXL,transformerXL,passt_cnn_anchor_v2_seed99/block_bw4/transformerXL,1,1,1,1,0.00739,0.00736,0.06675,46.47202,0.99258,0.99945,0.00106,0.56912,0.00175,0.03497,0.45623,0.45779,0.71229,0.71035,0.52593,0.51922,0.51496,0.51118,0.83935,0.84101,0.8961,0.89765,0.94499,0.98786,0.90947,0.43226,0.42417,0.65712,0.66003,0.42859,0.43815,0.45323,0.45853,0.71954,0.73852,0.96886,0.82829,0.456,0.458,0.5058,0.5022,0.74848,0.7301,0.57557,0.58341,0.57882,0.58035,0.85999,0.86907,0.90233,0.91095,0.94901,0.98855,0.91919,0.47831,0.4869,0.67979,0.70558,0.49008,0.52766,0.51993,0.5345,0.75273,0.77239,0.97148,0.84651,0.506,0.502,0.6319,0.6664,0.79842,0.23511,0.49906,0.78828,0.83576,0.69424,0.59178,0.82395,0.6275,0.69854,0.76832,0.22368,0.54472,0.74074,0.7951,0.68877,0.63883,0.83673,0.5606099999999999,0.751976,0.5606099999999999,0.751976,-0.19136600000000004,-0.19136600000000004
shuffle,passt_cnn_anchor_v2_shuffle_dynamic_blockonly_ft1_ft2,passt_cnn_anchor_v2_shuffle_dynamic_blockonly_ft1_ft2,shuffle_anchor_v2_dynamic_blockonly/transformerXL,shuffle,block,10,0.75,anchor/passt_cnn_anchor_v2_shuffle_dynamic_blockonly_ft1_ft2/shuffle_anchor_v2_dynamic_blockonly/transformerXL,anchor,,passt_cnn_anchor_v2_shuffle_dynamic_blockonly_ft1_ft2,shuffle_anchor_v2_dynamic_blockonly/transformerXL,transformerXL,passt_cnn_anchor_v2_shuffle_dynamic_blockonly_ft1_ft2/shuffle_anchor_v2_dynamic_blockonly/transformerXL,1,1,1,1,0.03648,0.00994,0.07784,44.67023,0.98799,0.995,0.00763,3.87866,0.00184,0.04252,0.45833,0.46477,0.75342,0.74761,0.49272,0.49265,0.51726,0.51099,0.83942,0.8403,0.89126,0.90031,0.94456,0.98864,0.91662,0.41781,0.41986,0.67105,0.68472,0.42551,0.43907,0.45548,0.47498,0.70336,0.72284,0.96877,0.83328,0.458,0.465,0.52164,0.53332,0.77617,0.7779,0.60309,0.60237,0.5871,0.58751,0.87324,0.87496,0.90132,0.9054,0.95322,0.98921,0.92196,0.45846,0.48312,0.71141,0.70869,0.49495,0.51057,0.53631,0.54433,0.74801,0.76545,0.97373,0.85421,0.522,0.533,0.55084,0.72992,0.77256,0.26578,0.39627,0.70202,0.80411,0.66669,0.63986,0.84233,0.54927,0.71181,0.77469,0.26253,0.50247,0.75807,0.79758,0.67934,0.63795,0.82818,0.545382,0.754996,0.545382,0.754996,-0.20961399999999997,-0.20961399999999997
shuffle,passt_cnn_anchor_v2_shuffle_dynamic_bw4_ft1_ft2,passt_cnn_anchor_v2_shuffle_dynamic_bw4_ft1_ft2,shuffle_anchor_v2_dynamic_bw4/transformerXL,shuffle,block,4,0.75,anchor/passt_cnn_anchor_v2_shuffle_dynamic_bw4_ft1_ft2/shuffle_anchor_v2_dynamic_bw4/transformerXL,anchor,,passt_cnn_anchor_v2_shuffle_dynamic_bw4_ft1_ft2,shuffle_anchor_v2_dynamic_bw4/transformerXL,transformerXL,passt_cnn_anchor_v2_shuffle_dynamic_bw4_ft1_ft2/shuffle_anchor_v2_dynamic_bw4/transformerXL,1,1,1,1,0.03546,0.01016,0.07863,44.40457,0.98765,0.99495,0.00811,4.14761,0.00188,0.0459,0.46326,0.45447,0.74787,0.74232,0.48528,0.48023,0.49164,0.49434,0.83967,0.83895,0.8958,0.90252,0.94507,0.98866,0.91576,0.39742,0.39117,0.67427,0.6696,0.39269,0.41494,0.41465,0.44083,0.71517,0.73013,0.96792,0.82803,0.463,0.454,0.51009,0.5121,0.76715,0.76332,0.61494,0.62075,0.59957,0.59907,0.87338,0.87608,0.90672,0.90728,0.95298,0.98877,0.9191,0.46941,0.48263,0.70576,0.72361,0.52968,0.56381,0.55936,0.57447,0.77635,0.79425,0.97282,0.8565,0.51,0.512,0.54837,0.70068,0.77569,0.23952,0.44997,0.8122,0.81787,0.71192,0.65193,0.82915,0.62488,0.67574,0.74678,0.25158,0.45998,0.8059,0.82004,0.6998,0.65742,0.81737,0.548128,0.76377,0.548128,0.76377,-0.215642,-0.215642
shuffle,passt_cnn_anchor_v2_shuffle_dynamic_fast_ft1_ft2,passt_cnn_anchor_v2_shuffle_dynamic_fast_ft1_ft2,shuffle_anchor_v2_dynamic_fast/transformerXL,shuffle,block,10,0.75,anchor/passt_cnn_anchor_v2_shuffle_dynamic_fast_ft1_ft2/shuffle_anchor_v2_dynamic_fast/transformerXL,anchor,,passt_cnn_anchor_v2_shuffle_dynamic_fast_ft1_ft2,shuffle_anchor_v2_dynamic_fast/transformerXL,transformerXL,passt_cnn_anchor_v2_shuffle_dynamic_fast_ft1_ft2/shuffle_anchor_v2_dynamic_fast/transformerXL,1,1,1,1,0.03544,0.0099,0.07776,44.47847,0.98815,0.99507,0.00809,4.79798,0.0015,0.03856,0.45462,0.46032,0.75283,0.74737,0.49912,0.50262,0.51603,0.51641,0.84021,0.84204,0.89126,0.90031,0.94759,0.98864,0.91593,0.40561,0.40854,0.67147,0.68108,0.41689,0.43968,0.44478,0.46994,0.7001,0.72455,0.96779,0.82905,0.455,0.46,0.50872,0.51703,0.781,0.78031,0.60113,0.60265,0.58725,0.59156,0.87188,0.87153,0.89658,0.90111,0.95373,0.98894,0.92313,0.46509,0.4564,0.71533,0.71622,0.51907,0.52098,0.53761,0.54141,0.76143,0.77285,0.96964,0.84621,0.509,0.517,0.53093,0.6672,0.77932,0.26542,0.43766,0.76755,0.81328,0.6814,0.63981,0.81087,0.52699,0.6292,0.72017,0.26451,0.42177,0.77799,0.8137,0.69728,0.63653,0.80551,0.5139940000000001,0.744736,0.5139940000000001,0.744736,-0.2307419999999999,-0.2307419999999999
shuffle,passt_cnn_anchor_v2_shuffle_dynamic_flip05_ft1_ft2,passt_cnn_anchor_v2_shuffle_dynamic_flip05_ft1_ft2,shuffle_anchor_v2_dynamic_flip05/transformerXL,shuffle,block,10,0.75,anchor/passt_cnn_anchor_v2_shuffle_dynamic_flip05_ft1_ft2/shuffle_anchor_v2_dynamic_flip05/transformerXL,anchor,,passt_cnn_anchor_v2_shuffle_dynamic_flip05_ft1_ft2,shuffle_anchor_v2_dynamic_flip05/transformerXL,transformerXL,passt_cnn_anchor_v2_shuffle_dynamic_flip05_ft1_ft2/shuffle_anchor_v2_dynamic_flip05/transformerXL,1,1,1,1,0.03492,0.00936,0.07529,44.9695,0.98888,0.99513,0.00759,3.88839,0.00135,0.03397,0.45855,0.46335,0.75379,0.74744,0.49645,0.5041,0.51406,0.51375,0.83974,0.84053,0.89126,0.90031,0.94869,0.98873,0.91679,0.41801,0.41872,0.67068,0.68015,0.4276,0.44438,0.45662,0.47504,0.70434,0.72492,0.96888,0.83367,0.459,0.463,0.52082,0.53164,0.78539,0.77714,0.61107,0.6192,0.59725,0.60317,0.86894,0.87234,0.89963,0.90527,0.95464,0.98893,0.92423,,,,,,,,,,,,,,,,,,,,,,,,,,,,,,,,,,,,,,,,
shuffle,passt_cnn_anchor_v2_shuffle_dynamic_frame_ft1_ft2,passt_cnn_anchor_v2_shuffle_dynamic_frame_ft1_ft2,shuffle_anchor_v2_dynamic_frame/transformerXL,shuffle,block,10,0.75,anchor/passt_cnn_anchor_v2_shuffle_dynamic_frame_ft1_ft2/shuffle_anchor_v2_dynamic_frame/transformerXL,anchor,,passt_cnn_anchor_v2_shuffle_dynamic_frame_ft1_ft2,shuffle_anchor_v2_dynamic_frame/transformerXL,transformerXL,passt_cnn_anchor_v2_shuffle_dynamic_frame_ft1_ft2/shuffle_anchor_v2_dynamic_frame/transformerXL,1,1,1,1,0.03622,0.01002,0.07813,44.39509,0.98782,0.99491,0.00811,4.73186,0.0018,0.03994,0.46166,0.46801,0.74976,0.74403,0.49092,0.49523,0.51211,0.51346,0.837,0.84075,0.89126,0.90031,0.94926,0.98868,0.9166,0.40133,0.41845,0.67312,0.68023,0.42615,0.42662,0.46097,0.46102,0.73319,0.72151,0.97074,0.83482,0.462,0.468,0.52142,0.53522,0.7741,0.77188,0.60775,0.61115,0.58739,0.59346,0.87008,0.87337,0.90175,0.90267,0.954,0.98948,0.92429,0.48168,0.4897,0.70513,0.71596,0.49913,0.55443,0.55135,0.57024,0.75219,0.77736,0.97403,0.86357,0.521,0.535,0.5893,0.75395,0.77169,0.2343,0.50593,0.8245,0.86102,0.66846,0.63361,0.79541,0.59499,0.68369,0.78679,0.25923,0.50363,0.80697,0.78966,0.70659,0.64004,0.80002,0.556936,0.757386,0.556936,0.757386,-0.20045000000000002,-0.20045000000000002
shuffle,passt_cnn_anchor_v2_shuffle_dynamic_ft1_ft2,passt_cnn_anchor_v2_shuffle_dynamic_ft1_ft2,shuffle_anchor_v2_dynamic/transformerXL,shuffle,block,10,0.75,anchor/passt_cnn_anchor_v2_shuffle_dynamic_ft1_ft2/shuffle_anchor_v2_dynamic/transformerXL,anchor,,passt_cnn_anchor_v2_shuffle_dynamic_ft1_ft2,shuffle_anchor_v2_dynamic/transformerXL,transformerXL,passt_cnn_anchor_v2_shuffle_dynamic_ft1_ft2/shuffle_anchor_v2_dynamic/transformerXL,1,1,1,1,0.03548,0.00998,0.07797,44.73042,0.98827,0.99494,0.00802,4.67946,0.00161,0.03443,0.45836,0.46173,0.75633,0.75011,0.49714,0.50091,0.51464,0.51427,0.83853,0.84023,0.89126,0.90031,0.94817,0.9887,0.91672,0.41169,0.41509,0.6727,0.68146,0.42071,0.43681,0.45268,0.47088,0.70476,0.72346,0.96865,0.83338,0.458,0.462,0.53012,0.53813,0.77972,0.77929,0.60319,0.60684,0.58451,0.584,0.87226,0.869,0.89922,0.90119,0.95351,0.98951,0.9233,0.48902,0.487,0.70069,0.70711,0.50679,0.53488,0.5461,0.53859,0.75612,0.77085,0.97278,0.85951,0.53,0.538,0.58222,0.7429,0.75874,0.2518,0.52577,0.82889,0.86111,0.67193,0.62838,0.81963,0.57968,0.69156,0.76623,0.28394,0.4566,0.8085,0.81135,0.70677,0.64264,0.79798,0.545818,0.763232,0.545818,0.763232,-0.217414,-0.217414
shuffle,passt_cnn_anchor_v2_shuffle_dynamic_high_ft1_ft2,passt_cnn_anchor_v2_shuffle_dynamic_high_ft1_ft2,shuffle_anchor_v2_dynamic_high/transformerXL,shuffle,block,10,0.75,anchor/passt_cnn_anchor_v2_shuffle_dynamic_high_ft1_ft2/shuffle_anchor_v2_dynamic_high/transformerXL,anchor,,passt_cnn_anchor_v2_shuffle_dynamic_high_ft1_ft2,shuffle_anchor_v2_dynamic_high/transformerXL,transformerXL,passt_cnn_anchor_v2_shuffle_dynamic_high_ft1_ft2/shuffle_anchor_v2_dynamic_high/transformerXL,1,1,1,1,0.04461,0.01013,0.07851,44.45302,0.98743,0.9946,0.0092,6.04879,0.00177,0.04225,0.4527,0.45454,0.75835,0.75565,0.48711,0.48992,0.50287,0.50442,0.84089,0.84148,0.89126,0.90031,0.94746,0.98841,0.91506,0.4062,0.40554,0.66794,0.68192,0.41454,0.44036,0.43673,0.46724,0.70054,0.72445,0.96714,0.82603,0.453,0.455,0.51215,0.5204,0.78279,0.7761,0.59768,0.59207,0.58556,0.59205,0.87449,0.87482,0.90044,0.90414,0.95343,0.98926,0.9243,0.44112,0.44129,0.70067,0.70888,0.50736,0.51918,0.54146,0.54661,0.74322,0.77423,0.97346,0.85597,0.512,0.52,0.53653,0.70859,0.74135,0.2238,0.39737,0.77608,0.85541,0.65411,0.61849,0.84094,0.49219,0.68704,0.72638,0.26646,0.37717,0.75225,0.80027,0.65662,0.62566,0.7951,0.497572,0.738256,0.497572,0.738256,-0.240684,-0.240684
shuffle,passt_cnn_anchor_v2_shuffle_dynamic_low_ft1_ft2,passt_cnn_anchor_v2_shuffle_dynamic_low_ft1_ft2,shuffle_anchor_v2_dynamic_low/transformerXL,shuffle,block,10,0.75,anchor/passt_cnn_anchor_v2_shuffle_dynamic_low_ft1_ft2/shuffle_anchor_v2_dynamic_low/transformerXL,anchor,,passt_cnn_anchor_v2_shuffle_dynamic_low_ft1_ft2,shuffle_anchor_v2_dynamic_low/transformerXL,transformerXL,passt_cnn_anchor_v2_shuffle_dynamic_low_ft1_ft2/shuffle_anchor_v2_dynamic_low/transformerXL,1,1,1,1,0.02926,0.00996,0.07783,44.63281,0.98863,0.99522,0.00769,3.79117,0.00155,0.0423,0.46126,0.46604,0.75464,0.74565,0.49557,0.49489,0.51808,0.51538,0.84052,0.84151,0.89126,0.90031,0.9478,0.98882,0.91692,0.40704,0.4164,0.66795,0.68021,0.42062,0.43744,0.44373,0.46943,0.69944,0.72324,0.96805,0.83122,0.461,0.466,0.52288,0.52189,0.78424,0.77698,0.60166,0.60345,0.58728,0.59326,0.8704,0.87189,0.89999,0.90257,0.95317,0.98926,0.92319,0.44607,0.46048,0.72238,0.71282,0.50744,0.54212,0.54077,0.55977,0.75612,0.77162,0.97239,0.8534,0.523,0.522,0.50467,0.68449,0.74778,0.285,0.39111,0.61882,0.81382,0.6872,0.62875,0.84104,0.55515,0.67309,0.75044,0.26011,0.41036,0.77912,0.79729,0.70107,0.62517,0.81859,0.520246,0.7538320000000001,0.520246,0.7538320000000001,-0.23358600000000007,-0.23358600000000007
shuffle,passt_cnn_anchor_v2_shuffle_dynamic_noise0_ft1_ft2,passt_cnn_anchor_v2_shuffle_dynamic_noise0_ft1_ft2,shuffle_anchor_v2_dynamic_noise0/transformerXL,shuffle,block,10,0.75,anchor/passt_cnn_anchor_v2_shuffle_dynamic_noise0_ft1_ft2/shuffle_anchor_v2_dynamic_noise0/transformerXL,anchor,,passt_cnn_anchor_v2_shuffle_dynamic_noise0_ft1_ft2,shuffle_anchor_v2_dynamic_noise0/transformerXL,transformerXL,passt_cnn_anchor_v2_shuffle_dynamic_noise0_ft1_ft2/shuffle_anchor_v2_dynamic_noise0/transformerXL,1,1,1,1,0.03531,0.00883,0.07289,45.2684,0.98956,0.99536,0.00773,3.61192,0.00197,0.04831,0.45556,0.46048,0.74933,0.74254,0.49903,0.49357,0.51692,0.51091,0.83855,0.84009,0.89126,0.90031,0.94704,0.98857,0.91564,0.40827,0.41464,0.67759,0.68155,0.4308,0.43717,0.46976,0.47016,0.72525,0.72602,0.97144,0.83997,0.456,0.46,0.51322,0.52742,0.78177,0.7879,0.59418,0.58947,0.5853,0.58654,0.86934,0.87153,0.90291,0.90355,0.95362,0.98921,0.92436,,,,,,,,,,,,,,,,,,,,,,,,,,,,,,,,,,,,,,,,
shuffle,passt_cnn_anchor_v2_shuffle_dynamic_slow_ft1_ft2,passt_cnn_anchor_v2_shuffle_dynamic_slow_ft1_ft2,shuffle_anchor_v2_dynamic_slow/transformerXL,shuffle,block,10,0.75,anchor/passt_cnn_anchor_v2_shuffle_dynamic_slow_ft1_ft2/shuffle_anchor_v2_dynamic_slow/transformerXL,anchor,,passt_cnn_anchor_v2_shuffle_dynamic_slow_ft1_ft2,shuffle_anchor_v2_dynamic_slow/transformerXL,transformerXL,passt_cnn_anchor_v2_shuffle_dynamic_slow_ft1_ft2/shuffle_anchor_v2_dynamic_slow/transformerXL,1,1,1,1,0.03505,0.01001,0.0779,44.44525,0.98763,0.99511,0.00861,4.99541,0.0021,0.05144,0.45038,0.45118,0.74288,0.7365,0.49409,0.49168,0.50999,0.50585,0.83939,0.84302,0.89126,0.90031,0.94812,0.98841,0.91575,0.40231,0.40506,0.67694,0.67729,0.42963,0.44161,0.47011,0.47377,0.72828,0.72798,0.97207,0.8413,0.45,0.451,0.5278,0.53308,0.7752,0.76996,0.61512,0.60848,0.60171,0.59525,0.87055,0.87064,0.90053,0.90283,0.95375,0.98984,0.92487,0.49343,0.49243,0.72023,0.71479,0.54867,0.52993,0.55919,0.54826,0.77404,0.7658,0.97429,0.85967,0.528,0.533,0.61415,0.69262,0.79103,0.29592,0.44417,0.81038,0.81339,0.69337,0.65384,0.86816,0.60855,0.6802,0.77244,0.26368,0.50957,0.82111,0.79692,0.68342,0.6392,0.81176,0.5586880000000001,0.7586820000000001,0.5586880000000001,0.7586820000000001,-0.199994,-0.199994
shuffle,passt_cnn_anchor_v2_shuffle_ft1_ft2,passt_cnn_anchor_v2_shuffle_ft1_ft2,shuffle_anchor_v2/transformerXL,shuffle,block,10,0.75,anchor/passt_cnn_anchor_v2_shuffle_ft1_ft2/shuffle_anchor_v2/transformerXL,anchor,,passt_cnn_anchor_v2_shuffle_ft1_ft2,shuffle_anchor_v2/transformerXL,transformerXL,passt_cnn_anchor_v2_shuffle_ft1_ft2/shuffle_anchor_v2/transformerXL,1,1,1,1,0.03426,0.01088,0.08151,44.17703,0.98721,0.99436,0.00868,4.40635,0.00193,0.04591,0.45888,0.46584,0.73981,0.73383,0.50002,0.50024,0.5165,0.51488,0.8422,0.84093,0.89126,0.90031,0.947,0.98862,0.91567,0.41255,0.41899,0.67297,0.67493,0.44127,0.44606,0.47525,0.47234,0.72164,0.72364,0.97115,0.83666,0.459,0.466,0.52264,0.52493,0.77331,0.77523,0.59241,0.60025,0.59223,0.59746,0.86698,0.87295,0.89742,0.90312,0.95438,0.98902,0.92236,0.49548,0.47076,0.69996,0.72314,0.50531,0.54261,0.54065,0.56446,0.74688,0.77518,0.9719,0.85947,0.523,0.525,0.63294,0.74443,0.78585,0.24109,0.52064,0.82829,0.82824,0.68301,0.63418,0.83824,0.53274,0.66395,0.77975,0.28058,0.45649,0.73911,0.81522,0.67093,0.6341,0.84559,0.536732,0.7469600000000001,0.536732,0.7469600000000001,-0.21022800000000008,-0.21022800000000008
block,block_bw4,passt_cnn_anchor_v2_std_ft12,block_bw4/transformerXL,standard,block,4,0.75,anchor/passt_cnn_anchor_v2_std_ft12/block_bw4/transformerXL,anchor,,passt_cnn_anchor_v2_std_ft12,block_bw4/transformerXL,transformerXL,passt_cnn_anchor_v2_std_ft12/block_bw4/transformerXL,1,1,1,1,0.00742,0.00727,0.06657,47.24252,0.99305,0.99948,0.00101,0.54137,0.00132,0.02846,0.41173,0.33171,0.67368,0.5926,0.3782,0.22301,0.41514,0.3044,0.7493,0.52377,0.85875,0.86055,0.90776,0.98468,0.88613,0.37469,0.31397,0.60552,0.51562,0.34467,0.20325,0.38501,0.27664,0.6796,0.48107,0.96482,0.79978,0.412,0.332,0.52361,0.52107,0.76855,0.7685,0.6032,0.59534,0.58985,0.59011,0.86454,0.86815,0.89815,0.90308,0.9552,0.98917,0.92233,0.4979,0.50972,0.72272,0.72781,0.54949,0.56379,0.57094,0.57777,0.78458,0.80208,0.97442,0.8613,0.524,0.521,0.58523,0.67678,0.79206,0.29041,0.50279,0.69836,0.81717,0.72034,0.66708,0.78096,0.59063,0.7113,0.78743,0.28703,0.54441,0.7508,0.82082,0.69953,0.66394,0.80591,0.5746880000000001,0.757672,0.5746880000000001,0.757672,-0.18298399999999992,-0.18298399999999992
block,block_bw4,pt1_e10,block_bw4/transformerXL,standard,block,4,0.75,anchor/pt1_e10/block_bw4/transformerXL,anchor,,pt1_e10,block_bw4/transformerXL,transformerXL,pt1_e10/block_bw4/transformerXL,1,1,1,1,0.01803,0.01424,0.09422,44.7394,0.98886,0.99876,0.00285,1.31669,0.00137,0.04046,0.46814,0.47031,0.73091,0.73124,0.50716,0.50458,0.51441,0.51621,0.84021,0.84245,0.89017,0.89907,0.94734,0.98854,0.91593,0.42082,0.4266,0.66842,0.66867,0.43961,0.44495,0.47514,0.47449,0.72415,0.72344,0.97176,0.83856,0.468,0.47,0.52671,0.52314,0.76237,0.76222,0.59528,0.59664,0.58567,0.58977,0.86271,0.86911,0.8965,0.90052,0.95583,0.98964,0.92692,0.4964,0.49193,0.72036,0.71564,0.52883,0.56199,0.56349,0.58126,0.74605,0.7683,0.97171,0.85876,0.527,0.523,0.63968,0.7226,0.80341,0.26424,0.51564,0.72728,0.79767,0.63078,0.67829,0.80835,0.62927,0.68238,0.79452,0.2539,0.49262,0.75463,0.83099,0.68678,0.67766,0.81349,0.5695939999999999,0.7536539999999998,0.5695939999999999,0.7536539999999998,-0.1840599999999999,-0.1840599999999999
block,block_bw4,pt1_e50,block_bw4/transformerXL,standard,block,4,0.75,anchor/pt1_e50/block_bw4/transformerXL,anchor,,pt1_e50,block_bw4/transformerXL,transformerXL,pt1_e50/block_bw4/transformerXL,1,1,1,1,0.00016,0.00022,0.01102,59.71442,0.99953,0.99998,6e-05,0.1653,0.00013,0.00687,0.33055,0.25569,0.58506,0.49957,0.23291,0.09953,0.29736,0.18841,0.5067,0.29,0.85722,0.86055,0.7741,0.97808,0.84,0.2978,0.23368,0.50037,0.40281,0.22672,0.09686,0.27519,0.17587,0.47934,0.20622,0.95223,0.73983,0.331,0.256,0.52203,0.52015,0.75988,0.76305,0.59679,0.59464,0.59179,0.58956,0.86541,0.86867,0.90275,0.90499,0.95207,0.98861,0.91596,0.48538,0.49812,0.72418,0.73047,0.54306,0.56663,0.56943,0.58015,0.78701,0.80098,0.97615,0.86512,0.522,0.52,0.56689,0.65219,0.76747,0.29157,0.46876,0.77539,0.80001,0.68229,0.65695,0.82167,0.61258,0.70747,0.79859,0.26995,0.48938,0.82075,0.80047,0.7285,0.64807,0.84669,0.563714,0.780776,0.563714,0.780776,-0.21706199999999998,-0.21706199999999998
block,block_bw4,thesis_data_desed_default,block_bw4/transformerXL,standard,block,4,0.75,anchor/thesis_data_desed_default/block_bw4/transformerXL,anchor,,thesis_data_desed_default,block_bw4/transformerXL,transformerXL,thesis_data_desed_default/block_bw4/transformerXL,0,1,1,0,0.00577,0.00926,0.07501,44.3262,0.98779,0.9995,0.00092,0.52459,0.00157,0.04545,0.46521,0.4665,0.73031,0.72734,0.49901,0.49824,0.5089,0.50837,0.84115,0.83938,0.89673,0.89971,0.94785,0.98881,0.9175,0.42192,0.42817,0.67201,0.67247,0.44543,0.44236,0.47292,0.46445,0.73801,0.7319,0.97192,0.84129,0.465,0.466,0.53038,0.53077,0.76384,0.76724,0.58133,0.58579,0.57397,0.57494,0.86142,0.86471,0.89817,0.90398,0.95121,0.98932,0.92556,0.49057,0.49358,0.71389,0.71856,0.51311,0.52644,0.54078,0.54552,0.76348,0.7635,0.97146,0.86064,0.53,0.531,0.58985,0.69726,0.79885,0.26726,0.48773,0.706,0.80437,0.71978,0.66311,0.79821,0.62449,0.69091,0.78398,0.26048,0.48908,0.72085,0.82988,0.71173,0.67197,0.8168,0.5660000000000001,0.7540340000000001,0.5660000000000001,0.7540340000000001,-0.18803400000000003,-0.18803400000000003
other,thesis_mask_block_bw4_no_dataparallel/block_bw16/transformerXL,thesis_mask_block_bw4_no_dataparallel,block_bw16/transformerXL,,,,,anchor/thesis_mask_block_bw4_no_dataparallel/block_bw16/transformerXL,anchor,,thesis_mask_block_bw4_no_dataparallel,block_bw16/transformerXL,transformerXL,thesis_mask_block_bw4_no_dataparallel/block_bw16/transformerXL,0,0,1,0,,,,,,,,,,,,,,,,,,,,,,,,,,,,,,,,,,,,,,,,,,,,,,,,,,,,,,,,,,,,,,,,,,,,,,,,,,,,,,,,,,,,,,,,,,,,,,
block,block_bw4,thesis_pt1_e10,block_bw4/transformerXL,standard,block,4,0.75,anchor/thesis_pt1_e10/block_bw4/transformerXL,anchor,,thesis_pt1_e10,block_bw4/transformerXL,transformerXL,thesis_pt1_e10/block_bw4/transformerXL,1,1,1,1,0.01771,0.01812,0.10614,42.26608,0.98237,0.99543,0.00764,2.2721,0.00176,0.0548,0.4469,0.45274,0.72704,0.72044,0.5171,0.518,0.52934,0.51844,0.83948,0.84047,0.89766,0.9007,0.94677,0.98788,0.91004,0.39132,0.4034,0.66057,0.65467,0.39875,0.41195,0.43855,0.4474,0.70107,0.70562,0.96547,0.8134,0.447,0.453,0.51469,0.51412,0.76917,0.76228,0.57034,0.57495,0.58245,0.59037,0.86842,0.86913,0.90777,0.90996,0.95265,0.98947,0.92173,0.49006,0.48641,0.72103,0.72011,0.50362,0.52552,0.54295,0.55605,0.7555,0.76649,0.97576,0.86416,0.515,0.514,0.68054,0.75295,0.78389,0.27056,0.46147,0.66069,0.80984,0.68845,0.63902,0.82765,0.65648,0.66892,0.76864,0.26386,0.47487,0.69281,0.8205,0.69612,0.64112,0.81598,0.560994,0.738866,0.560994,0.738866,-0.17787200000000003,-0.17787200000000003
block,block_bw4,thesis_pt1_e20,block_bw4/transformerXL,standard,block,4,0.75,anchor/thesis_pt1_e20/block_bw4/transformerXL,anchor,,thesis_pt1_e20,block_bw4/transformerXL,transformerXL,thesis_pt1_e20/block_bw4/transformerXL,1,1,1,1,0.00571,0.00589,0.0603,46.76093,0.99298,0.99823,0.00277,0.98658,0.00048,0.01203,0.44304,0.44657,0.72488,0.72113,0.5005,0.5196,0.51619,0.52276,0.83795,0.83792,0.89766,0.9007,0.94603,0.98785,0.90879,0.38627,0.40416,0.64717,0.64689,0.38362,0.39975,0.41592,0.43306,0.67381,0.68952,0.96154,0.79981,0.443,0.447,0.51034,0.50751,0.76796,0.75604,0.57427,0.5818,0.58237,0.58324,0.86926,0.86968,0.90749,0.90866,0.95328,0.98929,0.92192,0.47537,0.47034,0.71727,0.7197,0.53389,0.538,0.56283,0.56596,0.75952,0.75858,0.97741,0.86299,0.51,0.508,0.6278,0.66851,0.77472,0.25492,0.45986,0.6742,0.8251,0.68656,0.64359,0.84071,0.5965,0.65939,0.77414,0.25614,0.45403,0.68398,0.81567,0.68506,0.64407,0.84015,0.544976,0.73685,0.544976,0.73685,-0.191874,-0.191874
block,block_bw4,thesis_pt1_e30,block_bw4/transformerXL,standard,block,4,0.75,anchor/thesis_pt1_e30/block_bw4/transformerXL,anchor,,thesis_pt1_e30,block_bw4/transformerXL,transformerXL,thesis_pt1_e30/block_bw4/transformerXL,1,1,1,1,0.00206,0.00223,0.0367,50.41211,0.99668,0.99923,0.00128,0.52226,0.00023,0.00983,0.44351,0.44574,0.7265,0.71932,0.5026,0.51726,0.51276,0.52313,0.83512,0.83483,0.89766,0.9007,0.94527,0.98799,0.90998,0.40099,0.41069,0.66291,0.66027,0.42837,0.44926,0.44749,0.48204,0.71236,0.73099,0.97026,0.82922,0.444,0.446,0.50987,0.50561,0.76024,0.75051,0.58424,0.58153,0.58575,0.58721,0.86531,0.86703,0.9048,0.90718,0.95538,0.98951,0.92203,0.46302,0.47653,0.71109,0.71582,0.52192,0.52014,0.55509,0.55084,0.75012,0.75753,0.97741,0.85873,0.51,0.506,0.61263,0.6437,0.75318,0.25523,0.45609,0.60727,0.80937,0.68253,0.64009,0.80598,0.62645,0.66607,0.75524,0.25152,0.49683,0.63613,0.80857,0.67031,0.64705,0.78807,0.555418,0.7138300000000001,0.555418,0.7138300000000001,-0.1584120000000001,-0.1584120000000001
block,block_bw4,thesis_pt1_e50,block_bw4/transformerXL,standard,block,4,0.75,anchor/thesis_pt1_e50/block_bw4/transformerXL,anchor,,thesis_pt1_e50,block_bw4/transformerXL,transformerXL,thesis_pt1_e50/block_bw4/transformerXL,1,1,1,1,0.00019,0.0002,0.01021,59.65748,0.99957,0.99991,0.00024,0.26832,0.0001,0.00325,0.43548,0.43777,0.72156,0.71381,0.50919,0.51429,0.5099,0.50839,0.83324,0.83,0.89766,0.9007,0.94258,0.98754,0.9061,0.40092,0.40383,0.64849,0.64715,0.44494,0.44353,0.46902,0.47497,0.71959,0.72213,0.96812,0.81947,0.435,0.438,0.5139,0.51168,0.76357,0.75658,0.58419,0.58539,0.58694,0.59007,0.86987,0.87013,0.91088,0.9084,0.95571,0.98962,0.92448,0.45437,0.46449,0.71316,0.71498,0.50979,0.52592,0.55576,0.55983,0.74799,0.76351,0.97629,0.85867,0.514,0.512,0.5579,0.59521,0.76743,0.25047,0.46173,0.6308,0.80515,0.66302,0.65941,0.80819,0.5723,0.61452,0.77195,0.24757,0.48559,0.66643,0.79558,0.66699,0.65119,0.79581,0.5457200000000001,0.707866,0.5457200000000001,0.707866,-0.1621459999999999,-0.1621459999999999
block,block_bw4,passt_cnn_pt1_clt_anchor_v1_e20_ft1_ft2,block_bw4/transformerXL,standard,block,4,0.75,clt/passt_cnn_pt1_clt_anchor_v1_e20_ft1_ft2/block_bw4/transformerXL,clt,,passt_cnn_pt1_clt_anchor_v1_e20_ft1_ft2,block_bw4/transformerXL,transformerXL,passt_cnn_pt1_clt_anchor_v1_e20_ft1_ft2/block_bw4/transformerXL,1,1,1,1,0.06975,0.0652,0.20233,37.03291,0.94563,0.99095,0.03032,10.65706,0.01153,0.15415,0.48295,0.48464,0.73301,0.72898,0.50922,0.50521,0.50115,0.497,0.84145,0.83464,0.89377,0.89814,0.94303,0.98883,0.91864,0.42925,0.43309,0.66296,0.66298,0.4429,0.44656,0.46727,0.46574,0.72558,0.73048,0.97182,0.83937,0.483,0.485,0.52829,0.52745,0.75865,0.76057,0.59447,0.58532,0.58566,0.58511,0.86347,0.86281,0.9053,0.9048,0.95095,0.98925,0.92095,0.48332,0.494,0.71855,0.73347,0.51806,0.54179,0.54841,0.56491,0.77485,0.77943,0.97396,0.85971,0.528,0.527,0.62414,0.62513,0.78465,0.25712,0.50279,0.75188,0.8492,0.65406,0.65578,0.77591,0.64419,0.65223,0.78596,0.26934,0.49759,0.74931,0.81491,0.66989,0.66621,0.78117,0.5726579999999999,0.733502,0.5726579999999999,0.733502,-0.1608440000000001,-0.1608440000000001
block,block_bw16,passt_cnn_pt1_clt_bw16_e20_ft1_ft2,block_bw16/transformerXL,standard,block,16,0.75,clt/passt_cnn_pt1_clt_bw16_e20_ft1_ft2/block_bw16/transformerXL,clt,,passt_cnn_pt1_clt_bw16_e20_ft1_ft2,block_bw16/transformerXL,transformerXL,passt_cnn_pt1_clt_bw16_e20_ft1_ft2/block_bw16/transformerXL,1,1,1,1,0.06988,0.06529,0.20222,37.00213,0.94566,0.99064,0.01901,7.13523,0.01126,0.16205,0.48102,0.48117,0.73316,0.72932,0.50748,0.5078,0.49879,0.50052,0.8411,0.83532,0.89377,0.89814,0.94331,0.98872,0.91816,0.42617,0.43272,0.65851,0.66165,0.41196,0.44797,0.45126,0.46566,0.72601,0.73343,0.97103,0.83483,0.481,0.481,0.51579,0.51765,0.75843,0.75996,0.59057,0.58866,0.59014,0.58879,0.86192,0.86382,0.90443,0.90365,0.9524,0.98875,0.91794,0.48624,0.49524,0.71521,0.723,0.53336,0.55955,0.5678,0.57639,0.77242,0.78408,0.97266,0.85447,0.516,0.518,0.62005,0.61067,0.76599,0.27131,0.50383,0.76114,0.81992,0.64324,0.67246,0.78123,0.59299,0.69806,0.77772,0.25841,0.52289,0.7855,0.81079,0.69158,0.65978,0.78564,0.5623579999999999,0.754314,0.5623579999999999,0.754314,-0.19195600000000013,-0.19195600000000013
block,block_bw10,thesis_bw10_bigru_mr090_pt1e10,block/gru,standard,block,10,0.9,combinations/thesis_bw10_bigru_mr090_pt1e10/block/gru,combinations,,thesis_bw10_bigru_mr090_pt1e10,block/gru,gru,thesis_bw10_bigru_mr090_pt1e10/block/gru,1,1,1,1,0.04096,0.04114,0.16014,38.79741,0.96192,0.99741,0.00595,2.19664,0.01107,0.15165,0.4769,0.47749,0.72346,0.71998,0.46634,0.45693,0.49953,0.49492,0.83062,0.82543,0.90131,0.89879,0.94012,0.9888,0.91633,0.39841,0.40401,0.65621,0.6557,0.34957,0.37074,0.40154,0.41638,0.69509,0.72256,0.9665,0.82452,0.477,0.477,0.53329,0.53169,0.77963,0.78476,0.61037,0.60958,0.59103,0.58882,0.867,0.85857,0.90518,0.90385,0.94884,0.98885,0.92019,0.46874,0.46835,0.70996,0.72377,0.53242,0.55493,0.56433,0.57474,0.74905,0.77175,0.97023,0.84343,0.533,0.532,0.56357,0.57166,0.76904,0.29755,0.42491,0.78756,0.80387,0.6917,0.65927,0.83095,0.5128,0.67929,0.75554,0.29614,0.4205,0.79814,0.80129,0.67044,0.66192,0.87407,0.52938,0.764646,0.52938,0.764646,-0.2352660000000001,-0.2352660000000001
block,block_bw4,bimamba_l2,block_bw4/bimamba,standard,block,4,0.75,decoder/Bimamba/bimamba_l2/block_bw4/bimamba,decoder,Bimamba,bimamba_l2,block_bw4/bimamba,bimamba,Bimamba/bimamba_l2/block_bw4/bimamba,1,1,1,1,0.00711,0.00713,0.06563,46.55457,0.99203,0.9993,0.00127,0.79475,0.00095,0.03405,0.47632,0.47839,0.70739,0.71194,0.44984,0.45913,0.50428,0.50857,0.82592,0.82511,0.89574,0.89687,0.94803,0.98824,0.91408,0.43188,0.43601,0.64788,0.65494,0.37795,0.38049,0.41924,0.42967,0.69779,0.71425,0.96742,0.8222,0.476,0.478,0.53209,0.5346,0.78104,0.76937,0.55617,0.5517,0.56258,0.56367,0.86423,0.86542,0.90949,0.91083,0.95336,0.98931,0.92398,,,,,,,,,,,,,,,,,,,,,,,,,,,,,,,,,,,,,,,,
block,block_bw4,bimamba_l4,block_bw4/bimamba,standard,block,4,0.75,decoder/Bimamba/bimamba_l4/block_bw4/bimamba,decoder,Bimamba,bimamba_l4,block_bw4/bimamba,bimamba,Bimamba/bimamba_l4/block_bw4/bimamba,1,1,1,1,0.00674,0.00683,0.064,46.83542,0.99244,0.99794,0.00317,1.37791,0.00099,0.03189,0.47163,0.46724,0.70768,0.71201,0.46148,0.45656,0.49392,0.495,0.82733,0.82567,0.8971,0.90299,0.94726,0.98839,0.9139,0.42327,0.41646,0.64404,0.64545,0.36616,0.37982,0.41126,0.41574,0.69617,0.72034,0.96844,0.82803,0.472,0.467,0.53401,0.53124,0.76878,0.77125,0.58604,0.58508,0.58163,0.58697,0.85422,0.85544,0.89724,0.90422,0.95406,0.98951,0.92546,0.48057,0.47085,0.71356,0.72238,0.53803,0.52668,0.57008,0.56289,0.77236,0.76869,0.97504,0.86241,0.534,0.531,0.60081,0.64772,0.77588,0.26622,0.46882,0.77063,0.84437,0.66835,0.6638,0.82852,0.6113,0.56801,0.73497,0.27434,0.45979,0.79459,0.84317,0.67363,0.662,0.84873,0.54848,0.745626,0.54848,0.745626,-0.19714600000000004,-0.19714600000000004
block,block_bw16,passt_cnn_bimamba_bw16_fd,block_bw16/bimamba,standard,block,16,0.75,decoder/Bimamba/passt_cnn_bimamba_bw16_fd/block_bw16/bimamba,decoder,Bimamba,passt_cnn_bimamba_bw16_fd,block_bw16/bimamba,bimamba,Bimamba/passt_cnn_bimamba_bw16_fd/block_bw16/bimamba,1,1,1,1,0.00689,0.01152,0.08305,43.36537,0.98373,0.99955,0.00065,0.36975,0.00409,0.07897,0.47625,0.4738,0.72532,0.71879,0.46759,0.46001,0.50064,0.49625,0.82602,0.821,0.89755,0.89713,0.94581,0.98904,0.9166,0.41925,0.4196,0.65353,0.64882,0.38738,0.37496,0.42189,0.42547,0.71824,0.71159,0.97086,0.83442,0.476,0.474,0.53443,0.53982,0.77549,0.77381,0.57295,0.57697,0.57167,0.57805,0.86169,0.86613,0.90886,0.91025,0.95009,0.9893,0.92335,0.47406,0.49371,0.71317,0.71665,0.51705,0.52874,0.55407,0.5638,0.75691,0.76021,0.97334,0.86241,0.534,0.54,0.54562,0.62337,0.77497,0.26872,0.45482,0.80649,0.83997,0.72645,0.66632,0.82998,0.62047,0.63539,0.78389,0.28334,0.46445,0.79795,0.84805,0.72613,0.67159,0.82579,0.564748,0.766662,0.564748,0.766662,-0.20191399999999993,-0.20191399999999993
block,block_bw4,passt_cnn_pt1_ft1_ft2_bimamba,block_bw4/bimamba,standard,block,4,0.75,decoder/Bimamba/passt_cnn_pt1_ft1_ft2_bimamba/block_bw4/bimamba,decoder,Bimamba,passt_cnn_pt1_ft1_ft2_bimamba,block_bw4/bimamba,bimamba,Bimamba/passt_cnn_pt1_ft1_ft2_bimamba/block_bw4/bimamba,1,1,1,1,0.00607,0.00904,0.07253,46.49929,0.99041,0.99939,0.00105,0.66243,0.00106,0.02752,0.4748,0.47018,0.7245,0.71866,0.47863,0.46111,0.49626,0.49131,0.82852,0.82345,0.89525,0.89819,0.94581,0.98896,0.916,0.41976,0.41694,0.65319,0.65042,0.39377,0.38181,0.43427,0.42896,0.71857,0.71676,0.9706,0.83399,0.475,0.47,0.5396,0.53975,0.77497,0.77683,0.5709,0.56946,0.5731,0.56875,0.86212,0.86157,0.91002,0.90955,0.95216,0.98918,0.92067,0.49769,0.50037,0.70336,0.70451,0.52317,0.51836,0.5569,0.55592,0.75607,0.75539,0.97164,0.85479,0.54,0.54,0.62413,0.69294,0.7681,0.2758,0.4637,0.85536,0.85001,0.71386,0.6824,0.85532,0.64212,0.67637,0.78434,0.27521,0.47133,0.85481,0.85388,0.71311,0.67815,0.85019,0.57023,0.789672,0.57023,0.789672,-0.21944200000000003,-0.21944200000000003
block,block_bw4,passt_cnn_pt1_ft1_ft2_bimamba_dconv16,block_bw4/bimamba,standard,block,4,0.75,decoder/Bimamba/passt_cnn_pt1_ft1_ft2_bimamba_dconv16/block_bw4/bimamba,decoder,Bimamba,passt_cnn_pt1_ft1_ft2_bimamba_dconv16,block_bw4/bimamba,bimamba,Bimamba/passt_cnn_pt1_ft1_ft2_bimamba_dconv16/block_bw4/bimamba,1,1,1,1,0.006,0.00825,0.06916,46.637,0.99061,0.99939,0.00103,0.69066,0.00123,0.03664,0.47173,0.47303,0.71567,0.72112,0.45668,0.44126,0.49175,0.49043,0.82854,0.82741,0.89021,0.89855,0.94275,0.98861,0.91418,0.42701,0.42634,0.66121,0.65864,0.37589,0.36279,0.42495,0.41896,0.70977,0.71119,0.97028,0.83262,0.472,0.473,0.52641,0.52733,0.77213,0.76756,0.56488,0.56855,0.57255,0.57424,0.86355,0.86268,0.90948,0.9085,0.95138,0.98913,0.92122,0.49119,0.49599,0.72043,0.71816,0.50369,0.51595,0.54317,0.55293,0.76829,0.76754,0.97552,0.87083,0.526,0.527,0.64447,0.6927,0.77807,0.27442,0.43062,0.78803,0.87226,0.72119,0.67012,0.85588,0.66095,0.69377,0.78963,0.27417,0.44907,0.80711,0.86466,0.69611,0.66778,0.84972,0.56832,0.782274,0.56832,0.782274,-0.21395399999999998,-0.21395399999999998
block,block_bw4,passt_cnn_pt1_ft1_ft2_bimamba_dconv8,block_bw4/bimamba,standard,block,4,0.75,decoder/Bimamba/passt_cnn_pt1_ft1_ft2_bimamba_dconv8/block_bw4/bimamba,decoder,Bimamba,passt_cnn_pt1_ft1_ft2_bimamba_dconv8,block_bw4/bimamba,bimamba,Bimamba/passt_cnn_pt1_ft1_ft2_bimamba_dconv8/block_bw4/bimamba,1,1,1,1,0.00613,0.00828,0.06978,46.82461,0.99109,0.99939,0.00106,0.67024,0.00119,0.0299,0.47443,0.47205,0.7179,0.71479,0.4569,0.45299,0.49476,0.49764,0.82215,0.82103,0.89359,0.8994,0.94098,0.98828,0.91386,0.4205,0.41001,0.64442,0.63672,0.37281,0.35054,0.40496,0.3985,0.70142,0.68459,0.96845,0.82529,0.474,0.472,0.53151,0.53453,0.77403,0.77341,0.57843,0.57786,0.57413,0.57454,0.85896,0.86113,0.90262,0.90579,0.94991,0.98884,0.92217,0.4804,0.4765,0.68955,0.70237,0.53063,0.53274,0.55843,0.56071,0.75467,0.76546,0.9695,0.84934,0.532,0.535,0.63782,0.61255,0.79481,0.2695,0.44249,0.79847,0.84241,0.69107,0.66666,0.86524,0.5852,0.65301,0.78966,0.28074,0.42575,0.77527,0.84761,0.67526,0.66926,0.84604,0.550122,0.7594380000000001,0.550122,0.7594380000000001,-0.20931600000000006,-0.20931600000000006
block,block_bw4,passt_cnn_pt1_ft1_ft2_bimamba_dishes_bw4,block_bw4/bimamba,standard,block,4,0.75,decoder/Bimamba/passt_cnn_pt1_ft1_ft2_bimamba_dishes_bw4/block_bw4/bimamba,decoder,Bimamba,passt_cnn_pt1_ft1_ft2_bimamba_dishes_bw4,block_bw4/bimamba,bimamba,Bimamba/passt_cnn_pt1_ft1_ft2_bimamba_dishes_bw4/block_bw4/bimamba,1,1,1,1,0.03823,0.03095,0.13862,41.51293,0.97807,0.99729,0.00676,3.13732,0.00282,0.06872,0.48106,0.47796,0.723,0.71654,0.45565,0.4521,0.4919,0.49665,0.82561,0.82192,0.89512,0.89611,0.94505,0.98946,0.91702,0.40735,0.40905,0.64995,0.64517,0.38942,0.37999,0.42637,0.42052,0.72164,0.71963,0.9704,0.83219,0.481,0.478,0.53165,0.53408,0.77862,0.76974,0.59009,0.58172,0.57041,0.57059,0.86604,0.86526,0.90572,0.90669,0.95391,0.98969,0.9242,0.49269,0.48738,0.70519,0.70511,0.48892,0.51491,0.53348,0.54227,0.75309,0.75979,0.97337,0.86081,0.532,0.534,0.61826,0.66821,0.78851,0.25951,0.50101,0.77426,0.8417,0.69998,0.67038,0.78408,0.62294,0.65909,0.78162,0.25995,0.46652,0.82186,0.85376,0.70036,0.66964,0.83156,0.560134,0.773326,0.560134,0.773326,-0.21319199999999994,-0.21319199999999994
block,block_bw4,passt_cnn_pt1_ft1_ft2_bimamba_dstate128,block_bw4/bimamba,standard,block,4,0.75,decoder/Bimamba/passt_cnn_pt1_ft1_ft2_bimamba_dstate128/block_bw4/bimamba,decoder,Bimamba,passt_cnn_pt1_ft1_ft2_bimamba_dstate128,block_bw4/bimamba,bimamba,Bimamba/passt_cnn_pt1_ft1_ft2_bimamba_dstate128/block_bw4/bimamba,1,1,1,1,0.00601,0.00918,0.07273,45.98977,0.99005,0.9994,0.00103,0.70407,0.00126,0.03698,0.47174,0.47695,0.7252,0.72319,0.45138,0.44674,0.4931,0.48776,0.82251,0.82244,0.89707,0.89644,0.94455,0.98874,0.91669,0.41541,0.4177,0.646,0.64653,0.37312,0.37032,0.39919,0.39698,0.69659,0.69293,0.9678,0.82633,0.472,0.477,0.52543,0.53021,0.76935,0.77287,0.56346,0.56477,0.56625,0.56914,0.85349,0.8565,0.89987,0.90417,0.95325,0.98859,0.92418,0.47474,0.48465,0.71475,0.72509,0.50076,0.50288,0.54067,0.53428,0.7565,0.76022,0.97368,0.86351,0.525,0.53,0.6221,0.66339,0.7769,0.25273,0.4361,0.80267,0.83437,0.67078,0.65008,0.84106,0.64762,0.6827,0.78716,0.26628,0.42611,0.79688,0.84197,0.68291,0.66716,0.85256,0.558866,0.771404,0.558866,0.771404,-0.212538,-0.212538
block,block_bw4,passt_cnn_pt1_ft1_ft2_bimamba_dstate64,block_bw4/bimamba,standard,block,4,0.75,decoder/Bimamba/passt_cnn_pt1_ft1_ft2_bimamba_dstate64/block_bw4/bimamba,decoder,Bimamba,passt_cnn_pt1_ft1_ft2_bimamba_dstate64,block_bw4/bimamba,bimamba,Bimamba/passt_cnn_pt1_ft1_ft2_bimamba_dstate64/block_bw4/bimamba,1,1,1,1,0.00586,0.00847,0.07001,46.32542,0.99052,0.99942,0.00098,0.67331,0.00125,0.03437,0.47706,0.47574,0.71967,0.70971,0.46403,0.44933,0.49671,0.49124,0.82934,0.82659,0.89478,0.90041,0.94688,0.98847,0.91659,0.4077,0.40954,0.63981,0.6502,0.37991,0.37037,0.43716,0.42666,0.7206,0.71505,0.96785,0.82547,0.472,0.475,0.52668,0.52979,0.77225,0.76764,0.57603,0.57322,0.57238,0.57133,0.85603,0.85865,0.90027,0.90166,0.95452,0.98909,0.92185,0.48506,0.48116,0.71875,0.71905,0.55028,0.5206,0.57631,0.54308,0.78131,0.77273,0.97479,0.87139,0.527,0.53,0.58572,0.70802,0.79493,0.26697,0.43577,0.85583,0.88148,0.71656,0.67693,0.85629,0.6313,0.63099,0.78014,0.25923,0.44901,0.8498,0.85706,0.68683,0.67681,0.82032,0.559298,0.769,0.559298,0.769,-0.20970200000000006,-0.20970200000000006
block,block_bw4,passt_cnn_pt1_ft1_ft2_bimamba_extended_ft2,block_bw4/bimamba,standard,block,4,0.75,decoder/Bimamba/passt_cnn_pt1_ft1_ft2_bimamba_extended_ft2/block_bw4/bimamba,decoder,Bimamba,passt_cnn_pt1_ft1_ft2_bimamba_extended_ft2,block_bw4/bimamba,bimamba,Bimamba/passt_cnn_pt1_ft1_ft2_bimamba_extended_ft2/block_bw4/bimamba,1,1,1,1,0.00607,0.00904,0.07253,46.49929,0.99041,0.99939,0.00105,0.66243,0.00106,0.02752,0.4748,0.47018,0.7245,0.71866,0.47863,0.46111,0.49626,0.49131,0.82852,0.82345,0.89525,0.89819,0.94581,0.98896,0.916,0.41976,0.41694,0.65319,0.65042,0.39377,0.38181,0.43427,0.42896,0.71857,0.71676,0.9706,0.83399,0.475,0.47,0.5396,0.53975,0.77497,0.77683,0.5709,0.56946,0.5731,0.56875,0.86212,0.86157,0.91002,0.90955,0.95216,0.98918,0.92067,0.49769,0.50037,0.70336,0.70451,0.52317,0.51836,0.5569,0.55592,0.75607,0.75539,0.97164,0.85479,0.54,0.54,0.62413,0.69294,0.7681,0.2758,0.4637,0.85536,0.85001,0.71386,0.6824,0.85532,0.64212,0.67637,0.78434,0.27521,0.47133,0.85481,0.85388,0.71311,0.67815,0.85019,0.57023,0.789672,0.57023,0.789672,-0.21944200000000003,-0.21944200000000003
block,block_bw16,passt_cnn_pt1_ft1_ft2_bimamba_learnablepos,block_bw16/bimamba,standard,block,16,0.75,decoder/Bimamba/passt_cnn_pt1_ft1_ft2_bimamba_learnablepos/block_bw16/bimamba,decoder,Bimamba,passt_cnn_pt1_ft1_ft2_bimamba_learnablepos,block_bw16/bimamba,bimamba,Bimamba/passt_cnn_pt1_ft1_ft2_bimamba_learnablepos/block_bw16/bimamba,1,1,1,1,0.00692,0.01144,0.08279,43.3919,0.98386,0.99954,0.00067,0.37471,0.0039,0.07826,0.49069,0.48729,0.72769,0.72547,0.48252,0.47532,0.51138,0.50725,0.83835,0.83878,0.89433,0.89826,0.94272,0.98871,0.91559,0.42295,0.4323,0.66515,0.66241,0.3772,0.38788,0.43662,0.4252,0.72105,0.71938,0.96931,0.83035,0.491,0.487,0.52795,0.52995,0.76751,0.76618,0.57992,0.57749,0.57563,0.57542,0.86332,0.86265,0.90278,0.90289,0.94876,0.98932,0.92082,0.47373,0.48148,0.71192,0.72015,0.52,0.52597,0.55368,0.55912,0.76554,0.78017,0.9745,0.86206,0.528,0.53,0.65422,0.62312,0.79659,0.25411,0.43189,0.80208,0.87153,0.67172,0.65758,0.8469,0.68682,0.64748,0.80117,0.2648,0.40548,0.84011,0.86205,0.69722,0.66631,0.85579,0.564916,0.78053,0.564916,0.78053,-0.21561399999999997,-0.21561399999999997
block,block_bw4,passt_cnn_pt1_ft1_ft2_bimamba_learnablepos,block_bw4/bimamba,standard,block,4,0.75,decoder/Bimamba/passt_cnn_pt1_ft1_ft2_bimamba_learnablepos/block_bw4/bimamba,decoder,Bimamba,passt_cnn_pt1_ft1_ft2_bimamba_learnablepos,block_bw4/bimamba,bimamba,Bimamba/passt_cnn_pt1_ft1_ft2_bimamba_learnablepos/block_bw4/bimamba,1,1,1,1,0.00544,0.00863,0.07216,46.0727,0.99178,0.99956,0.00079,0.48114,0.0008,0.0341,0.47821,0.47774,0.72315,0.71547,0.48679,0.47998,0.50203,0.50207,0.83605,0.83719,0.89942,0.90006,0.94348,0.98824,0.91405,0.42424,0.42473,0.65468,0.65375,0.38343,0.38186,0.44276,0.43556,0.71862,0.71404,0.96815,0.82753,0.478,0.478,0.52762,0.53035,0.76694,0.7636,0.5804,0.57635,0.58139,0.57742,0.85697,0.86354,0.89741,0.90164,0.94967,0.9888,0.92202,0.48718,0.48765,0.71272,0.71446,0.52089,0.53017,0.56216,0.56199,0.77338,0.77387,0.97519,0.86591,0.528,0.53,0.6562,0.62299,0.76891,0.27385,0.43837,0.80244,0.84712,0.72476,0.68075,0.82554,0.65672,0.66306,0.79774,0.26316,0.43476,0.82508,0.86807,0.70484,0.67389,0.84814,0.565254,0.7818379999999999,0.565254,0.7818379999999999,-0.2165839999999999,-0.2165839999999999
attmask,attmask_topkpasst,passt_cnn_pt1_ft1_ft2_bimamba_learnablepos_attmask_topk030_bs8816,attmask_topk_030/bimamba,attmask,,16,0.75,decoder/Bimamba/passt_cnn_pt1_ft1_ft2_bimamba_learnablepos_attmask_topk030_bs8816/attmask_topk_030/bimamba,decoder,Bimamba,passt_cnn_pt1_ft1_ft2_bimamba_learnablepos_attmask_topk030_bs8816,attmask_topk_030/bimamba,bimamba,Bimamba/passt_cnn_pt1_ft1_ft2_bimamba_learnablepos_attmask_topk030_bs8816/attmask_topk_030/bimamba,1,1,1,1,0.01626,0.01521,0.09662,42.98478,0.98579,0.99553,0.00563,2.29309,0.00194,0.04443,0.48116,0.48053,0.72888,0.7222,0.48733,0.48258,0.50427,0.50633,0.83399,0.83794,0.89174,0.89832,0.94169,0.98833,0.91293,0.40762,0.41478,0.66193,0.65949,0.39342,0.39311,0.44162,0.42758,0.72339,0.72206,0.96803,0.82372,0.481,0.481,0.52816,0.52975,0.76708,0.76523,0.5734,0.57968,0.57008,0.57444,0.86592,0.86616,0.90311,0.90387,0.94832,0.98877,0.92085,0.48627,0.47239,0.71727,0.70067,0.48861,0.52988,0.5403,0.55065,0.74139,0.77759,0.97437,0.8625,0.528,0.53,0.62881,0.6764,0.78796,0.2652,0.4629,0.79589,0.83797,0.67084,0.65204,0.82444,0.6254,0.68008,0.79834,0.26319,0.38829,0.85533,0.87405,0.67323,0.67588,0.84084,0.55022,0.7847060000000001,0.55022,0.7847060000000001,-0.23448600000000008,-0.23448600000000008
block,block_bw16,passt_cnn_pt1_ft1_ft2_bimamba_learnablepos_mr090_bs8816,block_bw16/bimamba,standard,block,16,0.9,decoder/Bimamba/passt_cnn_pt1_ft1_ft2_bimamba_learnablepos_mr090_bs8816/block_bw16/bimamba,decoder,Bimamba,passt_cnn_pt1_ft1_ft2_bimamba_learnablepos_mr090_bs8816,block_bw16/bimamba,bimamba,Bimamba/passt_cnn_pt1_ft1_ft2_bimamba_learnablepos_mr090_bs8816/block_bw16/bimamba,1,1,1,1,0.0165,0.01537,0.09707,42.93831,0.98551,0.99897,0.00153,0.73454,0.0017,0.0475,0.48608,0.48431,0.72959,0.7212,0.4831,0.4668,0.50688,0.49876,0.83679,0.83732,0.89174,0.89832,0.94211,0.98843,0.91306,0.40948,0.41455,0.66474,0.65843,0.4028,0.39393,0.44315,0.429,0.72903,0.72342,0.96966,0.82978,0.486,0.484,0.52818,0.52915,0.76709,0.76535,0.56558,0.5681,0.57106,0.57422,0.86829,0.87239,0.90619,0.90994,0.94929,0.98868,0.92192,0.47416,0.48099,0.69758,0.71493,0.49475,0.50844,0.54367,0.54768,0.76645,0.77593,0.97198,0.85079,0.528,0.529,0.64898,0.65548,0.73685,0.25723,0.41711,0.83955,0.83167,0.68335,0.66227,0.84226,0.65137,0.67337,0.78518,0.26066,0.42249,0.81546,0.86179,0.69006,0.66155,0.82974,0.55625,0.774084,0.55625,0.774084,-0.21783399999999997,-0.21783399999999997
block,block_bw16,passt_cnn_pt1_ft1_ft2_bimamba_learnablept_allstages,block_bw16/bimamba,standard,block,16,0.75,decoder/Bimamba/passt_cnn_pt1_ft1_ft2_bimamba_learnablept_allstages/block_bw16/bimamba,decoder,Bimamba,passt_cnn_pt1_ft1_ft2_bimamba_learnablept_allstages,block_bw16/bimamba,bimamba,Bimamba/passt_cnn_pt1_ft1_ft2_bimamba_learnablept_allstages/block_bw16/bimamba,1,1,1,1,0.01231,0.01143,0.08313,44.27691,0.98941,0.99942,0.00085,0.39871,0.00109,0.0263,0.47596,0.47405,0.71519,0.70737,0.50224,0.48768,0.50672,0.50725,0.83774,0.83953,0.89618,0.90049,0.94345,0.98804,0.91204,0.42081,0.42378,0.64829,0.64782,0.40705,0.39604,0.45046,0.43018,0.72955,0.72525,0.96698,0.82887,0.476,0.474,0.53333,0.53428,0.77357,0.77721,0.58285,0.58316,0.57661,0.57882,0.86108,0.86152,0.89839,0.90334,0.94677,0.98826,0.92123,0.48413,0.48906,0.71294,0.72557,0.54369,0.54533,0.56773,0.56973,0.77097,0.77807,0.9693,0.84694,0.533,0.534,0.58449,0.63672,0.76979,0.31859,0.41934,0.79355,0.85011,0.67077,0.66813,0.86906,0.5933,0.64204,0.78469,0.32328,0.42221,0.80744,0.85355,0.6652,0.67229,0.86936,0.559154,0.767518,0.559154,0.767518,-0.208364,-0.208364
block,block_bw16,passt_cnn_pt1_ft1_ft2_conformer_bw16,block_bw16/conformer,standard,block,16,0.75,decoder/Conformer/passt_cnn_pt1_ft1_ft2_conformer_bw16/block_bw16/conformer,decoder,Conformer,passt_cnn_pt1_ft1_ft2_conformer_bw16,block_bw16/conformer,conformer,Conformer/passt_cnn_pt1_ft1_ft2_conformer_bw16/block_bw16/conformer,1,1,1,1,0.00339,0.00443,0.05092,49.02409,0.99524,0.99979,0.00033,0.19647,0.00104,0.0301,0.46686,0.46658,0.73486,0.72357,0.53539,0.54483,0.52004,0.5305,0.84326,0.84195,0.89411,0.90151,0.94631,0.98843,0.91236,0.41771,0.41651,0.66101,0.65678,0.43135,0.42724,0.44254,0.4477,0.71142,0.72652,0.96962,0.82941,0.467,0.467,0.49445,0.49519,0.74175,0.74491,0.58972,0.58991,0.58933,0.58969,0.86338,0.86956,0.90373,0.90798,0.95303,0.98886,0.91637,,,,,,,,,,,,,,,,,,,,,,,,,,,,,,,,,,,,,,,,
block,block_bw4,thesis_dec_conformer,block_bw4/conformer,standard,block,4,0.75,decoder/Conformer/thesis_dec_conformer/block_bw4/conformer,decoder,Conformer,thesis_dec_conformer,block_bw4/conformer,conformer,Conformer/thesis_dec_conformer/block_bw4/conformer,1,1,1,1,0.00374,0.00652,0.06261,45.92449,0.99154,0.99967,0.00057,0.34098,0.00172,0.04096,0.46513,0.47087,0.74253,0.72901,0.53503,0.53844,0.53656,0.53052,0.84315,0.84204,0.89325,0.89622,0.94737,0.98894,0.91682,0.41439,0.43323,0.66964,0.67676,0.4104,0.46928,0.46092,0.49642,0.68619,0.74381,0.96911,0.82522,0.465,0.471,0.49585,0.49533,0.74438,0.75306,0.5934,0.58612,0.59224,0.58643,0.86596,0.86783,0.90141,0.90752,0.95183,0.98858,0.91625,0.47386,0.47875,0.70381,0.70566,0.54597,0.53513,0.57466,0.56379,0.77926,0.76773,0.97355,0.84868,0.496,0.495,0.64236,0.73192,0.79605,0.2516,0.47284,0.63337,0.78091,0.65636,0.63078,0.80481,0.62979,0.68703,0.79046,0.24119,0.51546,0.63645,0.78224,0.67595,0.65376,0.8293,0.566132,0.722194,0.566132,0.722194,-0.15606200000000003,-0.15606200000000003
block,block_bw4,thesis_dec_gru,block_bw4/gru,standard,block,4,0.75,decoder/GRU/thesis_dec_gru/block_bw4/gru,decoder,GRU,thesis_dec_gru,block_bw4/gru,gru,GRU/thesis_dec_gru/block_bw4/gru,1,1,1,1,0.0074,0.01271,0.08744,43.04451,0.98166,0.99927,0.00145,0.86591,0.00609,0.09024,0.4732,0.47176,0.73521,0.7268,0.48806,0.48028,0.50813,0.50489,0.82982,0.82915,0.89399,0.89746,0.9424,0.98857,0.91531,0.41514,0.40987,0.6582,0.65597,0.36607,0.38272,0.42348,0.43553,0.69473,0.70123,0.96916,0.83094,0.473,0.472,0.53953,0.53991,0.78011,0.77915,0.61938,0.63299,0.59752,0.6007,0.86889,0.86825,0.90027,0.90709,0.95093,0.98898,0.9205,0.48459,0.48861,0.71358,0.71563,0.55807,0.57148,0.57231,0.57903,0.76776,0.77702,0.97181,0.85755,0.54,0.54,0.63148,0.66573,0.80002,0.29379,0.41829,0.75007,0.83017,0.66755,0.6633,0.84308,0.62205,0.67159,0.80281,0.30036,0.426,0.779,0.8476,0.6597,0.67206,0.86793,0.564656,0.765164,0.564656,0.765164,-0.2005079999999999,-0.2005079999999999
block,block_bw4,passt_cnn_pt1_ft1_ft2_bilstm,block_bw4/bilstm,standard,block,4,0.75,decoder/LSTM/passt_cnn_pt1_ft1_ft2_bilstm/block_bw4/bilstm,decoder,LSTM,passt_cnn_pt1_ft1_ft2_bilstm,block_bw4/bilstm,bilstm,LSTM/passt_cnn_pt1_ft1_ft2_bilstm/block_bw4/bilstm,1,1,1,1,0.00798,0.01307,0.08886,42.68749,0.98019,0.99923,0.00155,0.87041,0.00886,0.10548,0.47645,0.47273,0.73292,0.71858,0.4875,0.47803,0.5109,0.50938,0.83075,0.83034,0.89445,0.89641,0.94235,0.98883,0.91638,0.39625,0.4002,0.66016,0.65812,0.36824,0.37558,0.40921,0.4199,0.69856,0.71071,0.96846,0.82839,0.476,0.473,0.52825,0.52883,0.75531,0.76349,0.55768,0.55872,0.55726,0.55886,0.86244,0.86438,0.90049,0.90759,0.9494,0.98906,0.92073,0.48489,0.48934,0.72563,0.7241,0.49932,0.50095,0.52884,0.53707,0.75982,0.76781,0.97507,0.86604,0.528,0.529,0.59511,0.64844,0.79151,0.30586,0.41889,0.8796,0.88584,0.69156,0.66243,0.85261,0.58698,0.66226,0.79569,0.31119,0.42123,0.87495,0.88252,0.71673,0.66244,0.84841,0.555506,0.796974,0.555506,0.796974,-0.2414679999999999,-0.2414679999999999
block,block_bw4,passt_cnn_pt1_ft1_ft2_mask2former,block_bw4/mask2former,standard,block,4,0.75,decoder/MaskFormer/passt_cnn_pt1_ft1_ft2_mask2former/block_bw4/mask2former,decoder,MaskFormer,passt_cnn_pt1_ft1_ft2_mask2former,block_bw4/mask2former,mask2former,MaskFormer/passt_cnn_pt1_ft1_ft2_mask2former/block_bw4/mask2former,1,1,1,1,0.00589,0.00416,0.05073,48.70022,0.99532,0.99949,0.00094,0.72075,0.00057,0.02318,0.41897,0.42499,0.72154,0.71943,0.52933,0.51591,0.50434,0.49523,0.83589,0.83673,0.894,0.90318,0.94295,0.98671,0.90248,0.35609,0.35211,0.6387,0.62786,0.42708,0.38693,0.42268,0.38332,0.7178,0.68682,0.9663,0.81263,0.419,0.425,0.5018,0.50636,0.75051,0.75418,0.56313,0.5609,0.56009,0.56269,0.85756,0.86156,0.90237,0.90707,0.95654,0.98864,0.91812,0.4425,0.46481,0.69373,0.70227,0.49689,0.49834,0.52967,0.52068,0.75206,0.76015,0.97224,0.84592,0.502,0.506,0.6125,0.53561,0.74468,0.21869,0.44706,0.7161,0.79027,0.64972,0.63651,0.78421,0.65654,0.6327,0.76848,0.23082,0.42923,0.76654,0.82123,0.66902,0.65002,0.7779,0.547018,0.7334780000000001,0.547018,0.7334780000000001,-0.18646000000000007,-0.18646000000000007
block,block_bw4,thesis_dec_no,block_bw4/no,standard,block,4,0.75,decoder/No/thesis_dec_no/block_bw4/no,decoder,No,thesis_dec_no,block_bw4/no,no,No/thesis_dec_no/block_bw4/no,1,1,1,1,0.00524,0.00955,0.07413,44.39736,0.98664,0.99959,0.00079,0.38481,0.00452,0.08743,0.47264,0.47397,0.70853,0.71005,0.44625,0.43547,0.4941,0.49038,0.81144,0.80994,0.89512,0.90238,0.9421,0.98857,0.9149,0.42764,0.41965,0.64609,0.65289,0.36188,0.3383,0.44225,0.40617,0.69047,0.68643,0.97012,0.82803,0.473,0.474,0.53329,0.53172,0.75981,0.76022,0.52288,0.52597,0.5498,0.54853,0.85488,0.8549,0.90535,0.90585,0.95083,0.98944,0.92272,0.48387,0.48108,0.69684,0.70024,0.45778,0.45832,0.50062,0.49982,0.74697,0.74107,0.97078,0.85352,0.533,0.532,0.64353,0.67484,0.78104,0.25394,0.47377,0.76792,0.83232,0.66347,0.64082,0.81262,0.63588,0.66846,0.7725,0.25403,0.4632,0.76379,0.84144,0.66882,0.64642,0.8123,0.554406,0.7509620000000001,0.554406,0.7509620000000001,-0.19655600000000018,-0.19655600000000018
block,block_bw4,passt_cnn_pt1_ft1_ft2_hybrid_mmt,block_bw4/hybrid,standard,block,4,0.75,decoder/SSM/passt_cnn_pt1_ft1_ft2_hybrid_mmt/block_bw4/hybrid,decoder,SSM,passt_cnn_pt1_ft1_ft2_hybrid_mmt,block_bw4/hybrid,hybrid,SSM/passt_cnn_pt1_ft1_ft2_hybrid_mmt/block_bw4/hybrid,1,0,0,0,,,,,,,,,,,,,,,,,,,,,,,,,,,,,,,,,,,,,,,,,,,,,,,,,,,,,,,,,,,,,,,,,,,,,,,,,,,,,,,,,,,,,,,,,,,,,,
block,block_bw4,passt_cnn_pt1_ft1_ft2_hydra,block_bw4/hydra,standard,block,4,0.75,decoder/SSM/passt_cnn_pt1_ft1_ft2_hydra/block_bw4/hydra,decoder,SSM,passt_cnn_pt1_ft1_ft2_hydra,block_bw4/hydra,hydra,SSM/passt_cnn_pt1_ft1_ft2_hydra/block_bw4/hydra,1,1,1,1,0.00745,0.01153,0.08326,43.24272,0.98362,0.99931,0.00131,0.86365,0.00419,0.07438,0.4717,0.47375,0.71602,0.70978,0.47122,0.46751,0.50489,0.50355,0.82553,0.81783,0.89527,0.89669,0.94029,0.98806,0.91331,0.41571,0.41467,0.64579,0.64432,0.3656,0.36319,0.4103,0.41194,0.69687,0.70017,0.97012,0.82862,0.472,0.474,0.51888,0.52916,0.77942,0.77265,0.57321,0.57133,0.57995,0.57893,0.86842,0.86399,0.90285,0.90402,0.95263,0.98902,0.92413,0.46217,0.4971,0.69985,0.71466,0.51598,0.47861,0.54775,0.52415,0.74853,0.73994,0.97323,0.85336,0.519,0.529,0.57822,0.67294,0.75597,0.25274,0.39875,0.78714,0.88193,0.68697,0.66782,0.85429,0.62956,0.71464,0.72939,0.27628,0.48637,0.82559,0.84334,0.68301,0.65743,0.86341,0.5558060000000001,0.785998,0.5558060000000001,0.785998,-0.23019199999999984,-0.23019199999999984
block,block_bw4,passt_cnn_pt1_ft1_ft2_mamba,block_bw4/mamba,standard,block,4,0.75,decoder/SSM/passt_cnn_pt1_ft1_ft2_mamba/block_bw4/mamba,decoder,SSM,passt_cnn_pt1_ft1_ft2_mamba,block_bw4/mamba,mamba,SSM/passt_cnn_pt1_ft1_ft2_mamba/block_bw4/mamba,1,1,1,1,0.00769,0.01215,0.08514,43.07715,0.98283,0.99918,0.00152,0.88564,0.00427,0.07364,0.47577,0.47872,0.71091,0.71081,0.47143,0.46361,0.50894,0.50277,0.81845,0.82117,0.89288,0.89707,0.94203,0.98864,0.91208,0.41825,0.42506,0.64694,0.65101,0.37354,0.36835,0.44085,0.4204,0.70455,0.7133,0.96916,0.82882,0.476,0.479,0.53495,0.53363,0.7682,0.76983,0.56891,0.56962,0.57727,0.57744,0.86132,0.85937,0.90063,0.90801,0.9508,0.98986,0.9213,0.4884,0.49511,0.71702,0.72204,0.50742,0.49888,0.55264,0.53862,0.7597,0.76839,0.97369,0.86199,0.535,0.534,0.62524,0.65019,0.7951,0.27926,0.44553,0.84352,0.87649,0.68893,0.67494,0.82232,0.642,0.67001,0.79123,0.26553,0.48322,0.8481,0.8732,0.68244,0.66689,0.82827,0.569774,0.780404,0.569774,0.780404,-0.21062999999999998,-0.21062999999999998
block,block_bw4,thesis_dec_transformer,block_bw4/transformer,standard,block,4,0.75,decoder/Transformer/thesis_dec_transformer/block_bw4/transformer,decoder,Transformer,thesis_dec_transformer,block_bw4/transformer,transformer,Transformer/thesis_dec_transformer/block_bw4/transformer,1,1,1,1,0.00806,0.01356,0.09039,42.63346,0.97999,0.99914,0.00168,1.13119,0.00526,0.09358,0.46078,0.46531,0.73647,0.7312,0.4908,0.48141,0.51532,0.51485,0.8273,0.82862,0.89267,0.89946,0.94354,0.98881,0.91655,0.40652,0.41559,0.65879,0.66527,0.38112,0.39883,0.44499,0.45636,0.71494,0.71999,0.97102,0.83289,0.461,0.465,0.52235,0.52392,0.77356,0.77289,0.57426,0.58154,0.56768,0.57214,0.86219,0.86438,0.89956,0.90276,0.95077,0.98865,0.92099,0.47455,0.47553,0.73013,0.72723,0.49143,0.5302,0.52545,0.55446,0.74622,0.766,0.97608,0.87103,0.522,0.524,0.5186,0.66594,0.74827,0.28614,0.44182,0.76177,0.82616,0.7116,0.66719,0.7948,0.61872,0.68186,0.77093,0.25873,0.42244,0.77387,0.85303,0.67938,0.6611,0.81762,0.546384,0.761152,0.546384,0.761152,-0.21476800000000007,-0.21476800000000007
block,block_bw4,thesis_dec_transformerXL,block_bw4/transformerXL,standard,block,4,0.75,decoder/TransformerXL/thesis_dec_transformerXL/block_bw4/transformerXL,decoder,TransformerXL,thesis_dec_transformerXL,block_bw4/transformerXL,transformerXL,TransformerXL/thesis_dec_transformerXL/block_bw4/transformerXL,1,1,1,1,0.00576,0.00923,0.07494,44.33972,0.98778,0.9995,0.00092,0.53108,0.00178,0.0495,0.46518,0.46631,0.73067,0.72728,0.49715,0.50079,0.50776,0.50873,0.84089,0.83972,0.89673,0.89971,0.94785,0.98879,0.91747,0.42259,0.42692,0.67169,0.67251,0.44657,0.44144,0.47254,0.46309,0.7382,0.73192,0.97196,0.84138,0.465,0.466,0.53356,0.52558,0.7703,0.77672,0.58806,0.58484,0.59355,0.58912,0.86241,0.86281,0.89985,0.90238,0.95382,0.98915,0.92383,0.48925,0.48544,0.70845,0.72323,0.5225,0.53444,0.54718,0.55902,0.76035,0.76915,0.97219,0.85711,0.534,0.526,0.6396,0.67479,0.78396,0.26294,0.47789,0.7545,0.78029,0.68423,0.65055,0.82017,0.63249,0.67798,0.79794,0.26477,0.46707,0.67504,0.81345,0.69204,0.66637,0.83554,0.565728,0.73881,0.565728,0.73881,-0.17308199999999996,-0.17308199999999996
block,block_bw4,thesis_txl_pos_abspos,random/transformerXL,standard,block,4,0.75,decoder/TransformerXL/thesis_txl_pos_abspos/random/transformerXL,decoder,TransformerXL,thesis_txl_pos_abspos,random/transformerXL,transformerXL,TransformerXL/thesis_txl_pos_abspos/random/transformerXL,1,1,0,0,0.00655,0.00679,0.06403,46.58656,0.99209,0.99789,0.00333,1.24389,0.00096,0.03125,0.41338,0.41576,0.72079,0.71982,0.49553,0.49898,0.48108,0.48872,0.82755,0.82604,0.89148,0.89584,0.94421,0.98771,0.90585,0.36161,0.3642,0.64444,0.67177,0.40631,0.40818,0.4221,0.43135,0.69091,0.71762,0.9672,0.81449,0.413,0.416,,,,,,,,,,,,,,,,,,,,,,,,,,,,,,,,,,,,,,,,,,,,,,,,,,,,,,,
block,block_bw16,thesis_txl_pos_ipe,block_bw16/transformerXL,standard,block,16,0.75,decoder/TransformerXL/thesis_txl_pos_ipe/block_bw16/transformerXL,decoder,TransformerXL,thesis_txl_pos_ipe,block_bw16/transformerXL,transformerXL,TransformerXL/thesis_txl_pos_ipe/block_bw16/transformerXL,1,1,1,1,0.00037,0.00049,0.01738,55.78725,0.99878,0.99996,8e-05,0.13247,0.00057,0.00856,0.41477,0.41664,0.72992,0.72601,0.4798,0.48284,0.47613,0.48295,0.82828,0.82689,0.89761,0.89912,0.94221,0.98671,0.89879,0.36818,0.37347,0.62322,0.63722,0.34781,0.37419,0.37548,0.402,0.64722,0.68935,0.96035,0.78453,0.415,0.417,0.49569,0.49741,0.74492,0.74383,0.55056,0.56637,0.55325,0.55886,0.85153,0.8586,0.90087,0.9009,0.95258,0.98825,0.91247,0.46293,0.47172,0.68695,0.69473,0.50012,0.51581,0.51959,0.52824,0.7508,0.75394,0.96926,0.84118,0.496,0.497,0.57226,0.62349,0.76549,0.2292,0.48813,0.72622,0.77484,0.67642,0.63476,0.82661,0.60633,0.63137,0.75758,0.22897,0.5081,0.7359,0.81153,0.67367,0.63505,0.82125,0.547206,0.734744,0.547206,0.734744,-0.18753799999999998,-0.18753799999999998
block,block_bw4,thesis_txl_pos_ipe,random/transformerXL,standard,block,4,0.75,decoder/TransformerXL/thesis_txl_pos_ipe/random/transformerXL,decoder,TransformerXL,thesis_txl_pos_ipe,random/transformerXL,transformerXL,TransformerXL/thesis_txl_pos_ipe/random/transformerXL,1,1,0,0,0.00655,0.00678,0.06421,46.53723,0.99212,0.99792,0.00337,1.20908,0.00101,0.0304,0.4333,0.4334,0.7253,0.7216,0.51577,0.50342,0.50074,0.50081,0.83379,0.83047,0.89863,0.89864,0.94183,0.98703,0.9069,0.37449,0.37584,0.66019,0.65692,0.42932,0.42593,0.4292,0.43362,0.71693,0.71174,0.96775,0.82366,0.433,0.433,,,,,,,,,,,,,,,,,,,,,,,,,,,,,,,,,,,,,,,,,,,,,,,,,,,,,,,
block,block_bw16,thesis_txl_pos_relpos,block_bw16/transformerXL,standard,block,16,0.75,decoder/TransformerXL/thesis_txl_pos_relpos/block_bw16/transformerXL,decoder,TransformerXL,thesis_txl_pos_relpos,block_bw16/transformerXL,transformerXL,TransformerXL/thesis_txl_pos_relpos/block_bw16/transformerXL,1,1,1,1,0.00056,0.00083,0.02147,54.50854,0.99849,0.99995,9e-05,0.12955,0.00081,0.01153,0.46065,0.46477,0.72843,0.72316,0.50466,0.51018,0.51611,0.5172,0.83686,0.835,0.89199,0.901,0.9441,0.98855,0.91547,0.41651,0.41944,0.66214,0.66204,0.45037,0.44905,0.48164,0.47423,0.72784,0.72774,0.97218,0.8376,0.461,0.465,0.51527,0.51321,0.75692,0.75743,0.59463,0.591,0.59232,0.59073,0.86485,0.86423,0.90683,0.90239,0.95152,0.98889,0.91917,0.46433,0.47919,0.70547,0.72213,0.51581,0.54576,0.56698,0.56639,0.75193,0.7752,0.97276,0.84911,0.515,0.513,0.57239,0.61235,0.77454,0.25559,0.52132,0.59435,0.79937,0.64824,0.65259,0.78823,0.61143,0.66577,0.78547,0.24089,0.50302,0.69011,0.80761,0.67502,0.6531,0.79622,0.5587820000000001,0.726946,0.5587820000000001,0.726946,-0.16816399999999987,-0.16816399999999987
block,block_bw4,thesis_txl_pos_relpos,random/transformerXL,standard,block,4,0.75,decoder/TransformerXL/thesis_txl_pos_relpos/random/transformerXL,decoder,TransformerXL,thesis_txl_pos_relpos,random/transformerXL,transformerXL,TransformerXL/thesis_txl_pos_relpos/random/transformerXL,1,1,0,0,0.00572,0.00591,0.06029,47.16385,0.99351,0.99821,0.00273,0.88469,0.00086,0.02447,0.44283,0.44838,0.72506,0.72082,0.49728,0.50885,0.51972,0.51937,0.83518,0.83564,0.89597,0.90154,0.94636,0.98769,0.90936,0.3948,0.40591,0.65266,0.64742,0.38959,0.41177,0.43758,0.44385,0.68996,0.69704,0.96336,0.8061,0.443,0.448,,,,,,,,,,,,,,,,,,,,,,,,,,,,,,,,,,,,,,,,,,,,,,,,,,,,,,,
block,block_bw4,thesis_txl_pos_rope,random/transformerXL,standard,block,4,0.75,decoder/TransformerXL/thesis_txl_pos_rope/random/transformerXL,decoder,TransformerXL,thesis_txl_pos_rope,random/transformerXL,transformerXL,TransformerXL/thesis_txl_pos_rope/random/transformerXL,1,1,0,0,0.00608,0.00598,0.06037,47.0938,0.99325,0.99806,0.00299,1.07691,0.00063,0.03113,0.35832,0.34488,0.73295,0.72632,0.45152,0.43736,0.42491,0.41729,0.80952,0.80777,0.89172,0.89937,0.9382,0.98369,0.87785,0.31344,0.30047,0.58031,0.55871,0.35485,0.36765,0.35986,0.3619,0.65034,0.63524,0.95809,0.76186,0.358,0.345,,,,,,,,,,,,,,,,,,,,,,,,,,,,,,,,,,,,,,,,,,,,,,,,,,,,,,,
block,block_bw16,thesis_txl_pos_sinusoidal,block_bw16/transformerXL,standard,block,16,0.75,decoder/TransformerXL/thesis_txl_pos_sinusoidal/block_bw16/transformerXL,decoder,TransformerXL,thesis_txl_pos_sinusoidal,block_bw16/transformerXL,transformerXL,TransformerXL/thesis_txl_pos_sinusoidal/block_bw16/transformerXL,1,1,1,1,0.00025,0.00033,0.01426,57.32839,0.99908,0.99992,0.00017,0.30534,0.00027,0.00944,0.47424,0.46963,0.71775,0.71179,0.45737,0.44615,0.49288,0.49601,0.82006,0.80821,0.89734,0.90024,0.93775,0.98834,0.91428,0.41137,0.40836,0.65174,0.65097,0.37205,0.34798,0.42919,0.39725,0.704,0.68126,0.97085,0.83199,0.474,0.47,0.52209,0.52919,0.76614,0.76167,0.54802,0.55561,0.55881,0.55847,0.85321,0.85853,0.90526,0.90571,0.95391,0.98857,0.91923,0.47169,0.49334,0.6887,0.71313,0.48444,0.48328,0.52292,0.52102,0.73192,0.75134,0.97093,0.84417,0.522,0.529,0.62962,0.61466,0.75367,0.25403,0.44804,0.73269,0.82894,0.67081,0.65531,0.81295,0.62592,0.7027,0.78942,0.2618,0.47992,0.79158,0.8253,0.68181,0.65982,0.8362,0.563376,0.7675179999999999,0.563376,0.7675179999999999,-0.20414199999999993,-0.20414199999999993
block,block_bw4,thesis_txl_pos_sinusoidal,random/transformerXL,standard,block,4,0.75,decoder/TransformerXL/thesis_txl_pos_sinusoidal/random/transformerXL,decoder,TransformerXL,thesis_txl_pos_sinusoidal,random/transformerXL,transformerXL,TransformerXL/thesis_txl_pos_sinusoidal/random/transformerXL,1,1,0,0,0.00804,0.00798,0.06952,45.76919,0.99039,0.99725,0.00441,2.21003,0.0011,0.03928,0.45574,0.45869,0.71876,0.71805,0.49879,0.4967,0.50432,0.50036,0.8409,0.83532,0.89172,0.89937,0.94278,0.98772,0.91209,0.40992,0.39855,0.65745,0.66355,0.39202,0.40908,0.44111,0.44725,0.73047,0.72602,0.97191,0.83822,0.456,0.459,,,,,,,,,,,,,,,,,,,,,,,,,,,,,,,,,,,,,,,,,,,,,,,,,,,,,,,
block,block_bw4,passt_cnn_pt1_ft1_ft2_xlstm,block_bw4/xlstm,standard,block,4,0.75,decoder/xLSTM/passt_cnn_pt1_ft1_ft2_xlstm/block_bw4/xlstm,decoder,xLSTM,passt_cnn_pt1_ft1_ft2_xlstm,block_bw4/xlstm,xlstm,xLSTM/passt_cnn_pt1_ft1_ft2_xlstm/block_bw4/xlstm,1,1,1,1,0.00789,0.00857,0.07239,45.40982,0.99007,0.99914,0.00168,1.03477,0.00204,0.04436,0.47648,0.47382,0.72246,0.71772,0.44918,0.4487,0.50078,0.49817,0.82489,0.82737,0.89991,0.89823,0.94182,0.9888,0.9164,0.41444,0.41571,0.64926,0.64731,0.38285,0.35906,0.43043,0.41908,0.71783,0.69821,0.97147,0.83273,0.476,0.474,0.53456,0.53647,0.76908,0.7667,0.57195,0.57168,0.57771,0.57791,0.86372,0.86374,0.90479,0.9036,0.95052,0.98892,0.92125,0.47716,0.48533,0.696,0.70698,0.49435,0.49708,0.54253,0.54511,0.74158,0.75634,0.97136,0.84964,0.535,0.536,0.66306,0.62681,0.77774,0.26725,0.44213,0.73649,0.86591,0.64916,0.66844,0.82814,0.6566,0.66586,0.77844,0.27434,0.43668,0.74627,0.86695,0.67874,0.67185,0.81939,0.563582,0.755442,0.563582,0.755442,-0.19185999999999992,-0.19185999999999992
block,block_bw4,passt_cnn_pt1_ft1_ft2_xlstm_bidir,block_bw4/xlstm,standard,block,4,0.75,decoder/xLSTM/passt_cnn_pt1_ft1_ft2_xlstm_bidir/block_bw4/xlstm,decoder,xLSTM,passt_cnn_pt1_ft1_ft2_xlstm_bidir,block_bw4/xlstm,xlstm,xLSTM/passt_cnn_pt1_ft1_ft2_xlstm_bidir/block_bw4/xlstm,1,0,0,0,0.00997,0.01442,0.09296,44.62863,0.98589,0.99891,0.0022,1.2481,0.00269,0.05702,,,,,,,,,,,,,,,,,,,,,,,,,,,,,,,,,,,,,,,,,,,,,,,,,,,,,,,,,,,,,,,,,,,,,,,,,,,,,,,,,,,,
block,block_bw4,passt_cnn_pt1_ft1_ft2_xlstm_compact,block_bw4/xlstm,standard,block,4,0.75,decoder/xLSTM/passt_cnn_pt1_ft1_ft2_xlstm_compact/block_bw4/xlstm,decoder,xLSTM,passt_cnn_pt1_ft1_ft2_xlstm_compact,block_bw4/xlstm,xlstm,xLSTM/passt_cnn_pt1_ft1_ft2_xlstm_compact/block_bw4/xlstm,1,1,1,1,0.00797,0.01082,0.08045,44.62846,0.98777,0.99913,0.00165,1.05454,0.00207,0.04852,,,,,,,,,,,,,,,,0.41232,0.41583,0.65856,0.65753,0.36332,0.37466,0.42285,0.42999,0.71377,0.71741,0.97126,0.83491,,,0.52901,0.53022,0.76856,0.77235,0.56795,0.56711,0.56917,0.57407,0.85183,0.8612,0.90128,0.90379,0.94641,0.98758,0.91905,,,,,,,,,,,,,,,,,,,,,,,,,,,,,,,,,,,,,,,,
block,block_bw4,passt_cnn_pt1_ft1_ft2_xlstm_exp1,block_bw4/xlstm,standard,block,4,0.75,decoder/xLSTM/passt_cnn_pt1_ft1_ft2_xlstm_exp1/block_bw4/xlstm,decoder,xLSTM,passt_cnn_pt1_ft1_ft2_xlstm_exp1,block_bw4/xlstm,xlstm,xLSTM/passt_cnn_pt1_ft1_ft2_xlstm_exp1/block_bw4/xlstm,1,0,0,0,,,,,,,,,,,,,,,,,,,,,,,,,,,,,,,,,,,,,,,,,,,,,,,,,,,,,,,,,,,,,,,,,,,,,,,,,,,,,,,,,,,,,,,,,,,,,,
block,block_bw4,passt_cnn_pt1_ft1_ft2_xlstm_exp4,block_bw4/xlstm,standard,block,4,0.75,decoder/xLSTM/passt_cnn_pt1_ft1_ft2_xlstm_exp4/block_bw4/xlstm,decoder,xLSTM,passt_cnn_pt1_ft1_ft2_xlstm_exp4,block_bw4/xlstm,xlstm,xLSTM/passt_cnn_pt1_ft1_ft2_xlstm_exp4/block_bw4/xlstm,1,1,0,0,0.00757,0.0086,0.07217,45.57657,0.98991,0.99918,0.00154,1.04135,0.00187,0.03714,0.41244,0.37932,0.65017,0.61317,0.3225,0.17997,0.40819,0.29491,0.72388,0.54059,0.88497,0.88682,0.90721,0.98651,0.89652,,,,,,,,,,,,,,,,,,,,,,,,,,,,,,,,,,,,,,,,,,,,,,,,,,,,,,,,,,,,,,,,,,,,,
block,block_bw4,passt_cnn_pt1_ft1_ft2_xlstm_l2,block_bw4/xlstm,standard,block,4,0.75,decoder/xLSTM/passt_cnn_pt1_ft1_ft2_xlstm_l2/block_bw4/xlstm,decoder,xLSTM,passt_cnn_pt1_ft1_ft2_xlstm_l2,block_bw4/xlstm,xlstm,xLSTM/passt_cnn_pt1_ft1_ft2_xlstm_l2/block_bw4/xlstm,1,1,1,1,0.00773,0.00844,0.07148,45.35095,0.99006,0.99917,0.00159,1.10876,0.0018,0.04357,0.46689,0.46803,0.72122,0.7199,0.45458,0.44399,0.48937,0.49243,0.82122,0.81723,0.89092,0.8979,0.94339,0.98814,0.91334,0.41572,0.41715,0.64281,0.63835,0.38735,0.36826,0.43231,0.41793,0.69553,0.70354,0.96881,0.8235,0.467,0.468,0.51313,0.51842,0.77088,0.77139,0.5568,0.56085,0.57025,0.5739,0.85264,0.85923,0.89737,0.90368,0.95139,0.98864,0.92213,0.47086,0.48305,0.71017,0.71155,0.49781,0.49174,0.53413,0.52992,0.75922,0.75437,0.97571,0.86612,0.513,0.518,0.57355,0.70341,0.73656,0.25829,0.43523,0.82429,0.83191,0.65738,0.65635,0.82877,0.61353,0.68912,0.76965,0.24885,0.47775,0.79782,0.8634,0.67292,0.66105,0.80104,0.5541659999999999,0.76486,0.5541659999999999,0.76486,-0.21069400000000005,-0.21069400000000005
block,block_bw4,passt_cnn_pt1_ft1_ft2_xlstm_l4,block_bw4/xlstm,standard,block,4,0.75,decoder/xLSTM/passt_cnn_pt1_ft1_ft2_xlstm_l4/block_bw4/xlstm,decoder,xLSTM,passt_cnn_pt1_ft1_ft2_xlstm_l4,block_bw4/xlstm,xlstm,xLSTM/passt_cnn_pt1_ft1_ft2_xlstm_l4/block_bw4/xlstm,1,1,1,1,0.0081,0.00869,0.07235,45.31576,0.98982,0.99916,0.00157,1.08708,0.00146,0.03845,0.47396,0.47347,0.72268,0.72388,0.45992,0.44862,0.50108,0.50054,0.82139,0.81733,0.90386,0.89974,0.94305,0.989,0.91576,0.43351,0.43082,0.65401,0.6537,0.37056,0.3754,0.41156,0.42645,0.70309,0.70666,0.96982,0.83219,0.474,0.473,0.52608,0.52772,0.77636,0.77692,0.57573,0.57848,0.56691,0.57347,0.86682,0.86753,0.90386,0.90702,0.94685,0.9883,0.91702,0.46254,0.46384,0.70697,0.70865,0.51715,0.53734,0.55425,0.563,0.75843,0.77134,0.96604,0.82834,0.526,0.528,0.5652,0.57097,0.7554,0.2944,0.44764,0.68531,0.82855,0.64831,0.63798,0.78231,0.56021,0.6015,0.77498,0.29184,0.43517,0.78472,0.84251,0.61518,0.64171,0.81457,0.5407819999999999,0.731696,0.5407819999999999,0.731696,-0.19091400000000014,-0.19091400000000014
block,block_bw4,passt_cnn_pt1_ft1_ft2_xlstm_learnablepos,block_bw4/xlstm,standard,block,4,0.75,decoder/xLSTM/passt_cnn_pt1_ft1_ft2_xlstm_learnablepos/block_bw4/xlstm,decoder,xLSTM,passt_cnn_pt1_ft1_ft2_xlstm_learnablepos,block_bw4/xlstm,xlstm,xLSTM/passt_cnn_pt1_ft1_ft2_xlstm_learnablepos/block_bw4/xlstm,1,1,1,1,0.00593,0.006,0.06042,47.17063,0.99325,0.99951,0.00091,0.57404,0.00099,0.02289,0.46822,0.46803,0.73353,0.72768,0.46169,0.44843,0.48869,0.47883,0.82761,0.82504,0.89447,0.89794,0.94189,0.98805,0.91317,0.40832,0.41641,0.65536,0.65641,0.34974,0.37058,0.41032,0.42473,0.70432,0.70901,0.96769,0.82768,0.468,0.468,0.51863,0.51865,0.76392,0.7589,0.58884,0.58914,0.57648,0.5799,0.862,0.86835,0.89804,0.90533,0.95229,0.98877,0.92256,0.48232,0.47859,0.71928,0.7207,0.52489,0.5336,0.54642,0.5528,0.76721,0.77567,0.97399,0.86305,0.519,0.519,0.60108,0.72993,0.80457,0.27205,0.41221,0.79586,0.83761,0.70965,0.65992,0.88311,0.62828,0.69915,0.77477,0.2775,0.39839,0.79247,0.86217,0.68149,0.65746,0.84553,0.54728,0.776162,0.54728,0.776162,-0.22888200000000003,-0.22888200000000003
block,block_bw4,passt_cnn_pt1_ft1_ft2_xlstm_unidir,block_bw4/transformerXL,standard,block,4,0.75,decoder/xLSTM/passt_cnn_pt1_ft1_ft2_xlstm_unidir/block_bw4/transformerXL,decoder,xLSTM,passt_cnn_pt1_ft1_ft2_xlstm_unidir,block_bw4/transformerXL,transformerXL,xLSTM/passt_cnn_pt1_ft1_ft2_xlstm_unidir/block_bw4/transformerXL,1,1,1,1,0.00501,0.00536,0.05691,47.58394,0.99405,0.99956,0.00081,0.47972,0.0006,0.01689,0.4158,0.3427,0.67002,0.59371,0.39176,0.19795,0.41361,0.28725,0.73267,0.48284,0.85805,0.86055,0.90159,0.98423,0.88319,0.37422,0.31215,0.59759,0.51119,0.34299,0.2012,0.37808,0.26219,0.6632,0.45436,0.96403,0.79478,0.416,0.343,0.52338,0.51778,0.77236,0.76315,0.5869,0.58873,0.58994,0.59031,0.86425,0.86591,0.90543,0.90519,0.95165,0.98929,0.92325,0.49226,0.49477,0.7185,0.73079,0.54346,0.55325,0.56834,0.57836,0.79435,0.79802,0.97447,0.85922,0.523,0.518,0.56834,0.65398,0.77611,0.28966,0.4891,0.74906,0.79151,0.69743,0.67784,0.83101,0.56441,0.67637,0.79487,0.28915,0.52793,0.71863,0.79605,0.66976,0.65205,0.80723,0.565682,0.733608,0.565682,0.733608,-0.16792600000000002,-0.16792600000000002
block,block_bw4,passt_cnn_pt1_ft1_ft2_xlstm_unidir,block_bw4/xlstm,standard,block,4,0.75,decoder/xLSTM/passt_cnn_pt1_ft1_ft2_xlstm_unidir/block_bw4/xlstm,decoder,xLSTM,passt_cnn_pt1_ft1_ft2_xlstm_unidir,block_bw4/xlstm,xlstm,xLSTM/passt_cnn_pt1_ft1_ft2_xlstm_unidir/block_bw4/xlstm,1,1,0,0,0.00798,0.01102,0.0811,44.55337,0.98758,0.9991,0.0017,1.0498,0.0019,0.04817,,,,,,,,,,,,,,,,,,,,,,,,,,,,,,,,,,,,,,,,,,,,,,,,,,,,,,,,,,,,,,,,,,,,,,,,,,,,,,,,,,,,
block,block_bw4,passt_cnn_pt1_ft1_ft2_xlstm_unidir_compact,block_bw4/transformerXL,standard,block,4,0.75,decoder/xLSTM/passt_cnn_pt1_ft1_ft2_xlstm_unidir_compact/block_bw4/transformerXL,decoder,xLSTM,passt_cnn_pt1_ft1_ft2_xlstm_unidir_compact,block_bw4/transformerXL,transformerXL,xLSTM/passt_cnn_pt1_ft1_ft2_xlstm_unidir_compact/block_bw4/transformerXL,1,1,1,1,0.00509,0.00715,0.06577,46.84457,0.99286,0.99956,0.00083,0.48215,0.0009,0.02717,0.41031,0.33637,0.66773,0.59536,0.38366,0.21188,0.41881,0.30329,0.73779,0.50908,0.85843,0.86055,0.90492,0.98433,0.88428,0.36777,0.31257,0.60172,0.51852,0.33747,0.20663,0.38113,0.28354,0.6708,0.47109,0.9641,0.79495,0.41,0.336,0.51913,0.52175,0.76236,0.75916,0.5898,0.58388,0.58976,0.59181,0.86841,0.86916,0.90251,0.9092,0.95433,0.9892,0.92122,,,,,,,,,,,,,,,,,,,,,,,,,,,,,,,,,,,,,,,,
block,block_bw4,finetune1_fusion_mixrate_03,block_bw4/transformerXL,standard,block,4,0.75,fusion/finetune1_fusion_mixrate_03/block_bw4/transformerXL,fusion,,finetune1_fusion_mixrate_03,block_bw4/transformerXL,transformerXL,finetune1_fusion_mixrate_03/block_bw4/transformerXL,1,1,1,1,0.00583,0.00593,0.06041,47.12545,0.99343,0.99949,0.00094,0.5479,0.00061,0.02401,0.45999,0.46387,0.73003,0.72759,0.50795,0.50113,0.51023,0.51203,0.83628,0.83773,0.8917,0.90192,0.94749,0.98845,0.91535,0.42204,0.42557,0.66805,0.66843,0.44769,0.44728,0.48165,0.47047,0.73097,0.73713,0.97134,0.8383,0.46,0.464,0.52458,0.53138,0.76467,0.76223,0.57915,0.58191,0.57999,0.58009,0.86441,0.8608,0.89747,0.90109,0.95156,0.98971,0.92618,0.48084,0.49073,0.70229,0.71753,0.48231,0.50025,0.52031,0.53741,0.74832,0.75197,0.97146,0.85343,0.525,0.531,0.5971,0.62645,0.80147,0.24683,0.51232,0.75199,0.84369,0.70258,0.64276,0.78102,0.60885,0.62241,0.8013,0.25841,0.53953,0.71373,0.82209,0.69423,0.66684,0.80943,0.574986,0.732378,0.574986,0.732378,-0.15739199999999998,-0.15739199999999998
block,block_bw4,finetune1_fusion_mixrate_05,block_bw4/transformerXL,standard,block,4,0.75,fusion/finetune1_fusion_mixrate_05/block_bw4/transformerXL,fusion,,finetune1_fusion_mixrate_05,block_bw4/transformerXL,transformerXL,finetune1_fusion_mixrate_05/block_bw4/transformerXL,1,1,1,1,0.0058,0.00588,0.06018,47.1595,0.99348,0.99949,0.00095,0.5277,0.00064,0.02177,0.4581,0.46288,0.73045,0.72911,0.50629,0.49998,0.50985,0.51107,0.83443,0.83677,0.8917,0.90192,0.94734,0.98838,0.91488,0.41725,0.42138,0.65883,0.66857,0.43753,0.44347,0.46601,0.46831,0.72349,0.73491,0.97109,0.83361,0.458,0.463,0.51606,0.52139,0.76221,0.76907,0.59783,0.59612,0.58916,0.58744,0.86415,0.8688,0.90337,0.90151,0.95386,0.98908,0.92168,0.46829,0.49154,0.71826,0.72268,0.51221,0.53963,0.54665,0.55557,0.75691,0.7685,0.97455,0.8562,0.516,0.521,0.53927,0.65223,0.77592,0.24927,0.50845,0.6302,0.81127,0.71535,0.65257,0.79987,0.59691,0.70148,0.78628,0.26318,0.51543,0.69082,0.82397,0.69144,0.65326,0.82262,0.563012,0.7460660000000001,0.563012,0.7460660000000001,-0.18305400000000016,-0.18305400000000016
block,block_bw4,passt_cnn_desed_fusion_gate_frame,block_bw4/transformerXL,standard,block,4,0.75,fusion/passt_cnn_desed_fusion_gate_frame/block_bw4/transformerXL,fusion,,passt_cnn_desed_fusion_gate_frame,block_bw4/transformerXL,transformerXL,passt_cnn_desed_fusion_gate_frame/block_bw4/transformerXL,1,1,1,1,0.00574,0.00914,0.074,44.15827,0.98727,0.9995,0.00092,0.51389,0.002,0.05032,0.46912,0.47023,0.72823,0.72563,0.5101,0.50468,0.51642,0.50915,0.8371,0.83954,0.89876,0.90404,0.94482,0.9885,0.91317,0.43075,0.43134,0.66318,0.66331,0.44439,0.44172,0.47251,0.46992,0.72754,0.72614,0.97261,0.83934,0.469,0.47,0.47384,0.47726,0.72663,0.72863,0.51435,0.51179,0.50835,0.5055,0.83653,0.83695,0.89849,0.90032,0.94665,0.98866,0.91558,,,,,,,,,,,,,,,,,,,,,,,,,,,,,,,,,,,,,,,,
block,block_bw4,passt_cnn_desed_fusion_gate_frame__no_dp_compare,block_bw4/transformerXL,standard,block,4,0.75,fusion/passt_cnn_desed_fusion_gate_frame__no_dp_compare/block_bw4/transformerXL,fusion,,passt_cnn_desed_fusion_gate_frame__no_dp_compare,block_bw4/transformerXL,transformerXL,passt_cnn_desed_fusion_gate_frame__no_dp_compare/block_bw4/transformerXL,1,1,1,1,0.00566,0.00519,0.05658,47.19684,0.99375,0.99951,0.00091,0.54268,0.00084,0.02209,0.47227,0.47222,0.731,0.72742,0.51662,0.51018,0.51779,0.51616,0.84,0.8404,0.90148,0.90316,0.94669,0.98853,0.9146,0.42891,0.43199,0.66104,0.66126,0.44786,0.44358,0.47478,0.46982,0.72854,0.72819,0.97292,0.84062,0.472,0.472,0.47553,0.47728,0.72808,0.72559,0.51608,0.51577,0.51516,0.51558,0.8381,0.83917,0.89897,0.90167,0.94798,0.9888,0.91701,,,,,,,,,,,,,,,,,,,,,,,,,,,,,,,,,,,,,,,,
block,block_bw16,passt_cnn_desed_fusion_gate_frame_no_slide_anchor_v1,block_bw16/transformerXL,standard,block,16,0.75,fusion/passt_cnn_desed_fusion_gate_frame_no_slide_anchor_v1/block_bw16/transformerXL,fusion,,passt_cnn_desed_fusion_gate_frame_no_slide_anchor_v1,block_bw16/transformerXL,transformerXL,passt_cnn_desed_fusion_gate_frame_no_slide_anchor_v1/block_bw16/transformerXL,1,1,1,1,0.00522,0.00713,0.06478,47.03387,0.99288,0.99967,0.00052,0.28922,0.0008,0.02826,0.47228,0.47223,0.73071,0.73297,0.53149,0.52494,0.51444,0.51521,0.84034,0.84117,0.89481,0.89698,0.94521,0.98844,0.91342,0.42756,0.42731,0.67632,0.67296,0.45078,0.45604,0.47438,0.47348,0.73926,0.73834,0.97237,0.83886,0.472,0.472,0.51191,0.51406,0.75303,0.76021,0.58689,0.59186,0.57848,0.57985,0.87201,0.87503,0.91369,0.91174,0.94541,0.98844,0.91844,0.49516,0.48472,0.72745,0.73876,0.51951,0.57858,0.53775,0.58173,0.75299,0.7828,0.97634,0.86995,0.512,0.514,0.65124,0.69462,0.77042,0.27044,0.46455,0.78882,0.84424,0.71575,0.64517,0.80924,0.60546,0.68213,0.77247,0.26966,0.46117,0.77343,0.83742,0.6758,0.64991,0.82168,0.5517340000000001,0.7580919999999999,0.5517340000000001,0.7580919999999999,-0.20635799999999982,-0.20635799999999982
block,block_bw4,passt_cnn_desed_fusion_global_path,block_bw4/transformerXL,standard,block,4,0.75,fusion/passt_cnn_desed_fusion_global_path/block_bw4/transformerXL,fusion,,passt_cnn_desed_fusion_global_path,block_bw4/transformerXL,transformerXL,passt_cnn_desed_fusion_global_path/block_bw4/transformerXL,1,1,1,1,0.00584,0.00711,0.06657,46.25019,0.99168,0.99946,0.00097,0.5435,0.00108,0.03843,0.46624,0.46927,0.73348,0.73311,0.49956,0.50656,0.51078,0.50647,0.84239,0.84231,0.89161,0.89905,0.94812,0.98902,0.91793,0.41646,0.42091,0.67133,0.67065,0.44127,0.43898,0.47459,0.46515,0.72859,0.72819,0.97192,0.8417,0.466,0.469,0.50083,0.51138,0.74438,0.75869,0.57728,0.57746,0.57653,0.57566,0.86578,0.86579,0.90544,0.9028,0.94954,0.98902,0.91831,0.45741,0.48413,0.68715,0.71908,0.50834,0.53711,0.54509,0.55708,0.74209,0.77156,0.96765,0.84224,0.501,0.511,0.55067,0.52467,0.76391,0.25268,0.52277,0.722,0.79267,0.65102,0.63681,0.82193,0.615,0.67975,0.76505,0.2602,0.47966,0.74908,0.80801,0.66724,0.64872,0.82934,0.5537259999999999,0.7466839999999999,0.5537259999999999,0.7466839999999999,-0.19295799999999996,-0.19295799999999996
block,block_bw4,passt_cnn_desed_fusion_mix05_winparam_256_32,block_bw4/transformerXL,standard,block,4,0.75,fusion/passt_cnn_desed_fusion_mix05_winparam_256_32/block_bw4/transformerXL,fusion,,passt_cnn_desed_fusion_mix05_winparam_256_32,block_bw4/transformerXL,transformerXL,passt_cnn_desed_fusion_mix05_winparam_256_32/block_bw4/transformerXL,1,1,1,1,0.00577,0.00545,0.05786,46.9223,0.99345,0.9982,0.00284,0.88951,0.00035,0.01404,0.44709,0.45111,0.72335,0.72224,0.50027,0.49621,0.5225,0.51967,0.83256,0.82809,0.89344,0.89837,0.94369,0.98733,0.90732,0.39617,0.40758,0.64881,0.64608,0.40121,0.38579,0.4359,0.42536,0.6974,0.70131,0.96843,0.82056,0.447,0.451,0.45197,0.45717,0.71759,0.71422,0.48761,0.45395,0.50395,0.47908,0.80997,0.7986,0.88429,0.89615,0.94123,0.9873,0.90934,,,,,,,,,,,,,,,,,,,,,,,,,,,,,,,,,,,,,,,,
block,block_bw4,passt_cnn_desed_fusion_mix05_winparam_320_32,block_bw4/transformerXL,standard,block,4,0.75,fusion/passt_cnn_desed_fusion_mix05_winparam_320_32/block_bw4/transformerXL,fusion,,passt_cnn_desed_fusion_mix05_winparam_320_32,block_bw4/transformerXL,transformerXL,passt_cnn_desed_fusion_mix05_winparam_320_32/block_bw4/transformerXL,1,1,1,1,0.00577,0.00545,0.05786,46.9223,0.99345,0.9982,0.00284,0.88948,0.00035,0.01404,0.44039,0.44372,0.72846,0.72172,0.50056,0.49826,0.51109,0.5154,0.83381,0.83222,0.89632,0.90008,0.94314,0.98726,0.90685,0.3901,0.39469,0.6675,0.64885,0.42991,0.4292,0.46626,0.46769,0.73354,0.72685,0.97031,0.82986,0.44,0.444,0.44255,0.44918,0.71098,0.71409,0.4945,0.47234,0.50587,0.49628,0.83705,0.81547,0.88811,0.89799,0.94534,0.9872,0.90611,,,,,,,,,,,,,,,,,,,,,,,,,,,,,,,,,,,,,,,,
block,block_bw4,passt_cnn_desed_fusion_mixrate_03,block_bw4/transformerXL,standard,block,4,0.75,fusion/passt_cnn_desed_fusion_mixrate_03/block_bw4/transformerXL,fusion,,passt_cnn_desed_fusion_mixrate_03,block_bw4/transformerXL,transformerXL,passt_cnn_desed_fusion_mixrate_03/block_bw4/transformerXL,1,1,1,1,0.00566,0.00518,0.05647,47.2091,0.99378,0.99951,0.0009,0.52887,0.00077,0.0194,0.46085,0.46379,0.72519,0.72388,0.51022,0.49652,0.51065,0.51045,0.83762,0.83982,0.89432,0.90143,0.94736,0.98845,0.91456,0.42435,0.41808,0.65126,0.66192,0.442,0.4218,0.46799,0.44426,0.72786,0.73675,0.96967,0.83191,0.461,0.464,0.46285,0.46693,0.71774,0.72705,0.514,0.48132,0.50853,0.4955,0.83574,0.83559,0.88991,0.90143,0.94576,0.98767,0.91057,,,,,,,,,,,,,,,,,,,,,,,,,,,,,,,,,,,,,,,,
block,block_bw4,passt_cnn_desed_fusion_mixrate_05,block_bw4/transformerXL,standard,block,4,0.75,fusion/passt_cnn_desed_fusion_mixrate_05/block_bw4/transformerXL,fusion,,passt_cnn_desed_fusion_mixrate_05,block_bw4/transformerXL,transformerXL,passt_cnn_desed_fusion_mixrate_05/block_bw4/transformerXL,1,1,1,1,0.00569,0.00519,0.0566,47.199,0.99376,0.99951,0.00091,0.55614,0.00078,0.02022,0.4612,0.46272,0.72463,0.72369,0.51114,0.49733,0.50927,0.50893,0.83537,0.83862,0.89432,0.90143,0.94678,0.98837,0.91425,0.42269,0.41618,0.65231,0.66254,0.44096,0.41999,0.46632,0.44396,0.72646,0.73389,0.96959,0.83235,0.461,0.463,0.46369,0.46698,0.72103,0.72954,0.50512,0.47689,0.50761,0.49362,0.83361,0.83512,0.88991,0.90143,0.94581,0.98778,0.91115,,,,,,,,,,,,,,,,,,,,,,,,,,,,,,,,,,,,,,,,
block,block_bw4,passt_cnn_desed_fusion_mixrate_07,block_bw4/transformerXL,standard,block,4,0.75,fusion/passt_cnn_desed_fusion_mixrate_07/block_bw4/transformerXL,fusion,,passt_cnn_desed_fusion_mixrate_07,block_bw4/transformerXL,transformerXL,passt_cnn_desed_fusion_mixrate_07/block_bw4/transformerXL,1,1,1,1,0.00565,0.00519,0.05659,47.19734,0.99375,0.99951,0.0009,0.54288,0.00087,0.02152,0.4629,0.46573,0.73329,0.72987,0.50697,0.507,0.50577,0.50989,0.84178,0.84143,0.89484,0.90154,0.94316,0.98824,0.91597,0.41052,0.40973,0.65745,0.66061,0.45524,0.41255,0.48008,0.4381,0.72885,0.71683,0.97208,0.8388,0.463,0.466,0.45699,0.4417,0.75655,0.75455,0.53901,0.53489,0.54114,0.54103,0.86258,0.86504,0.90171,0.90204,0.95253,0.98815,0.90981,0.37801,0.37395,0.6958,0.71525,0.48796,0.49362,0.5136,0.51355,0.7602,0.77588,0.97155,0.84561,0.457,0.442,0.4563,0.67845,0.74667,0.22897,0.27182,0.63158,0.79723,0.66589,0.52025,0.84856,0.45324,0.71242,0.74596,0.21022,0.25414,0.62317,0.80237,0.6617,0.5581,0.84003,0.444332,0.7279380000000001,0.444332,0.7279380000000001,-0.2836060000000001,-0.2836060000000001
block,block_bw4,passt_cnn_desed_fusion_mixup_affinity,block_bw4/transformerXL,standard,block,4,0.75,fusion/passt_cnn_desed_fusion_mixup_affinity/block_bw4/transformerXL,fusion,,passt_cnn_desed_fusion_mixup_affinity,block_bw4/transformerXL,transformerXL,passt_cnn_desed_fusion_mixup_affinity/block_bw4/transformerXL,1,1,1,1,0.00566,0.00516,0.05641,47.22313,0.99378,0.99951,0.00091,0.55395,0.00084,0.02138,0.4653,0.46075,0.71914,0.71769,0.51899,0.51015,0.52167,0.51714,0.84077,0.8446,0.89401,0.89946,0.94535,0.98812,0.91519,0.42402,0.42472,0.667,0.67445,0.43833,0.46252,0.45751,0.49077,0.71905,0.73356,0.97027,0.8395,0.465,0.461,0.47102,0.46579,0.72729,0.72089,0.50555,0.52223,0.50099,0.52111,0.83841,0.84816,0.88856,0.89804,0.9441,0.98823,0.91709,,,,,,,,,,,,,,,,,,,,,,,,,,,,,,,,,,,,,,,,
other,passt_cnn_desed_fusion_mixup_hard/block_bw4/transformerXL,passt_cnn_desed_fusion_mixup_hard,block_bw4/transformerXL,,,,,fusion/passt_cnn_desed_fusion_mixup_hard/block_bw4/transformerXL,fusion,,passt_cnn_desed_fusion_mixup_hard,block_bw4/transformerXL,transformerXL,passt_cnn_desed_fusion_mixup_hard/block_bw4/transformerXL,0,0,1,0,,,,,,,,,,,,,,,,,,,,,,,,,,,,,,,,,,,,,,,,,,,,,,,,,,,,,,,,,,,,,,,,,,,,,,,,,,,,,,,,,,,,,,,,,,,,,,
block,block_bw4,passt_cnn_desed_fusion_mixup_soft,block_bw4/transformerXL,standard,block,4,0.75,fusion/passt_cnn_desed_fusion_mixup_soft/block_bw4/transformerXL,fusion,,passt_cnn_desed_fusion_mixup_soft,block_bw4/transformerXL,transformerXL,passt_cnn_desed_fusion_mixup_soft/block_bw4/transformerXL,1,0,1,0,,,,,,,,,,,,,,,,,,,,,,,,,,,,,,,,,,,,,,,,,,,,,,,,,,,,,,,,,,,,,,,,,,,,,,,,,,,,,,,,,,,,,,,,,,,,,,
block,block_bw4,passt_cnn_desed_fusion_mixup_strong,block_bw4/transformerXL,standard,block,4,0.75,fusion/passt_cnn_desed_fusion_mixup_strong/block_bw4/transformerXL,fusion,,passt_cnn_desed_fusion_mixup_strong,block_bw4/transformerXL,transformerXL,passt_cnn_desed_fusion_mixup_strong/block_bw4/transformerXL,1,1,0,0,0.00567,0.00519,0.05656,47.19709,0.99375,0.99951,0.0009,0.54267,0.00082,0.02132,,,,,,,,,,,,,,,,,,,,,,,,,,,,,,,,,,,,,,,,,,,,,,,,,,,,,,,,,,,,,,,,,,,,,,,,,,,,,,,,,,,,
block,block_bw4,passt_cnn_desed_fusion_mixup_vanilla,block_bw4/transformerXL,standard,block,4,0.75,fusion/passt_cnn_desed_fusion_mixup_vanilla/block_bw4/transformerXL,fusion,,passt_cnn_desed_fusion_mixup_vanilla,block_bw4/transformerXL,transformerXL,passt_cnn_desed_fusion_mixup_vanilla/block_bw4/transformerXL,1,1,1,1,0.00567,0.00518,0.05654,47.20233,0.99376,0.99951,0.00091,0.55341,0.00081,0.01981,0.47013,0.46972,0.72494,0.7228,0.51964,0.52152,0.51106,0.51345,0.84721,0.84976,0.89742,0.89838,0.94485,0.98836,0.91639,0.42787,0.42149,0.66393,0.66009,0.44756,0.43107,0.47484,0.45459,0.72326,0.71944,0.97169,0.83866,0.47,0.47,0.47549,0.47691,0.72016,0.72058,0.51177,0.49758,0.51264,0.50286,0.83978,0.83,0.88776,0.89611,0.94466,0.98791,0.91702,,,,,,,,,,,,,,,,,,,,,,,,,,,,,,,,,,,,,,,,
block,block_bw4,passt_cnn_desed_mmf_base_lite5_v1,block_bw4/transformerXL,standard,block,4,0.75,fusion/passt_cnn_desed_mmf_base_lite5_v1/block_bw4/transformerXL,fusion,,passt_cnn_desed_mmf_base_lite5_v1,block_bw4/transformerXL,transformerXL,passt_cnn_desed_mmf_base_lite5_v1/block_bw4/transformerXL,1,1,1,1,0.00499,0.00448,0.05257,48.20242,0.9951,0.99956,0.00081,0.47759,0.00042,0.01588,0.47156,0.46954,0.72556,0.72389,0.53958,0.53857,0.52247,0.52483,0.84149,0.83919,0.8949,0.89791,0.94629,0.98868,0.91363,0.4287,0.42019,0.66249,0.66655,0.42814,0.41579,0.44672,0.4424,0.71412,0.71836,0.96931,0.82781,0.472,0.47,0.53416,0.5239,0.75638,0.7702,0.59293,0.5979,0.59586,0.59763,0.86535,0.86691,0.90356,0.9063,0.95413,0.98878,0.9187,0.49093,0.51156,0.7103,0.72519,0.51515,0.53122,0.53808,0.5497,0.76355,0.76566,0.97166,0.85057,0.534,0.524,0.63246,0.60921,0.77587,0.27819,0.51835,0.70752,0.79951,0.64364,0.67067,0.80483,0.65898,0.69277,0.77002,0.28529,0.53465,0.73677,0.79994,0.68589,0.65305,0.84057,0.580398,0.7511880000000001,0.580398,0.7511880000000001,-0.1707900000000001,-0.1707900000000001
block,block_bw4,passt_cnn_desed_mmf_base_none_v1,block_bw4/transformerXL,standard,block,4,0.75,fusion/passt_cnn_desed_mmf_base_none_v1/block_bw4/transformerXL,fusion,,passt_cnn_desed_mmf_base_none_v1,block_bw4/transformerXL,transformerXL,passt_cnn_desed_mmf_base_none_v1/block_bw4/transformerXL,1,1,1,1,0.00499,0.00448,0.05261,48.1963,0.99509,0.99956,0.00081,0.48018,0.00042,0.0171,0.46573,0.46784,0.73276,0.72517,0.50374,0.50312,0.51317,0.50452,0.84218,0.84097,0.89287,0.89938,0.94699,0.98868,0.91635,0.41789,0.42172,0.66629,0.66816,0.43918,0.44216,0.46961,0.46563,0.72677,0.72702,0.97188,0.84024,0.466,0.468,0.53092,0.5357,0.76895,0.76303,0.58575,0.58792,0.58048,0.58055,0.86474,0.86736,0.90251,0.90334,0.95231,0.98966,0.92385,0.47268,0.49343,0.70811,0.7142,0.4991,0.5093,0.53858,0.53635,0.73056,0.74301,0.97112,0.85032,0.531,0.536,0.61851,0.59071,0.78239,0.24709,0.48886,0.76257,0.79633,0.65325,0.6623,0.80827,0.63966,0.63667,0.80626,0.25194,0.52114,0.78061,0.81667,0.69022,0.66765,0.81134,0.5773300000000001,0.747102,0.5773300000000001,0.747102,-0.16977199999999992,-0.16977199999999992
block,block_bw4,mask_abl_logs,8_8_16,standard,block,4,0.75,logs/mask_abl_logs/8_8_16,logs,,mask_abl_logs,8_8_16,8_8_16,mask_abl_logs/8_8_16,1,1,1,1,0.01414,0.01397,0.09205,43.84494,0.98812,0.99902,0.0021,0.99411,0.00108,0.03883,0.47004,0.4712,0.73233,0.72797,0.51176,0.49973,0.51573,0.51116,0.84273,0.84063,0.89597,0.90154,0.94787,0.98897,0.91748,0.42652,0.43094,0.67054,0.66938,0.42484,0.43025,0.47131,0.46904,0.73589,0.72697,0.97196,0.83992,0.47,0.471,0.52613,0.52711,0.76371,0.76445,0.60906,0.60861,0.59833,0.59867,0.87041,0.87191,0.90237,0.90356,0.95538,0.98979,0.92448,0.49045,0.50672,0.7109,0.72494,0.53452,0.55677,0.57608,0.56386,0.75222,0.77046,0.97243,0.85439,0.526,0.527,0.62329,0.65589,0.78986,0.26453,0.52032,0.66737,0.81857,0.68636,0.66433,0.82254,0.62769,0.69907,0.79401,0.26053,0.53971,0.78006,0.83479,0.7081,0.66793,0.82378,0.577974,0.76916,0.577974,0.76916,-0.19118599999999997,-0.19118599999999997
block,block_bw4,mask_abl_logs,dishes_urbansed/transformerXL,standard,block,4,0.75,logs/mask_abl_logs/dishes_urbansed/transformerXL,logs,,mask_abl_logs,dishes_urbansed/transformerXL,transformerXL,mask_abl_logs/dishes_urbansed/transformerXL,1,1,1,1,0.04098,0.04118,0.16046,38.81114,0.96296,0.99746,0.00698,3.04959,0.00762,0.12698,0.46462,0.46433,0.73309,0.73115,0.51386,0.50992,0.52152,0.51502,0.8431,0.84199,0.89766,0.9007,0.947,0.98862,0.91675,0.42467,0.42299,0.66031,0.67149,0.41815,0.45591,0.45151,0.48274,0.7096,0.7327,0.96861,0.82394,0.465,0.464,0.52519,0.53241,0.76154,0.76169,0.61064,0.61516,0.58967,0.59095,0.86608,0.87069,0.90009,0.90174,0.95555,0.98909,0.92129,0.48339,0.49679,0.7126,0.72239,0.53276,0.51555,0.57287,0.54182,0.76354,0.7545,0.97296,0.84893,0.525,0.532,0.57532,0.63777,0.78947,0.27256,0.52027,0.68671,0.77836,0.65239,0.6685,0.77951,0.59809,0.63598,0.78235,0.27273,0.55864,0.71828,0.77801,0.67612,0.66173,0.7676,0.574708,0.715198,0.574708,0.715198,-0.14049,-0.14049
block,block_bw4,mask_abl_logs,finetune1_fusion_mixrate_03/block_bw4/transformerXL,standard,block,4,0.75,logs/mask_abl_logs/finetune1_fusion_mixrate_03/block_bw4/transformerXL,logs,,mask_abl_logs,finetune1_fusion_mixrate_03/block_bw4/transformerXL,transformerXL,mask_abl_logs/finetune1_fusion_mixrate_03/block_bw4/transformerXL,1,1,1,1,0.00583,0.00593,0.06041,47.12545,0.99343,0.99949,0.00094,0.5479,0.00061,0.02401,0.45999,0.46387,0.73003,0.72759,0.50795,0.50113,0.51023,0.51203,0.83628,0.83773,0.8917,0.90192,0.94749,0.98845,0.91535,0.42204,0.42557,0.66805,0.66843,0.44769,0.44728,0.48165,0.47047,0.73097,0.73713,0.97134,0.8383,0.46,0.464,0.52458,0.53138,0.76467,0.76223,0.57915,0.58191,0.57999,0.58009,0.86441,0.8608,0.89747,0.90109,0.95156,0.98971,0.92618,0.48084,0.49073,0.70229,0.71753,0.48231,0.50025,0.52031,0.53741,0.74832,0.75197,0.97146,0.85343,0.525,0.531,0.5971,0.62645,0.80147,0.24683,0.51232,0.75199,0.84369,0.70258,0.64276,0.78102,0.60885,0.62241,0.8013,0.25841,0.53953,0.71373,0.82209,0.69423,0.66684,0.80943,0.574986,0.732378,0.574986,0.732378,-0.15739199999999998,-0.15739199999999998
block,block_bw4,mask_abl_logs,finetune1_fusion_mixrate_05/block_bw4/transformerXL,standard,block,4,0.75,logs/mask_abl_logs/finetune1_fusion_mixrate_05/block_bw4/transformerXL,logs,,mask_abl_logs,finetune1_fusion_mixrate_05/block_bw4/transformerXL,transformerXL,mask_abl_logs/finetune1_fusion_mixrate_05/block_bw4/transformerXL,1,1,1,1,0.0058,0.00588,0.06018,47.1595,0.99348,0.99949,0.00095,0.5277,0.00064,0.02177,0.4581,0.46288,0.73045,0.72911,0.50629,0.49998,0.50985,0.51107,0.83443,0.83677,0.8917,0.90192,0.94734,0.98838,0.91488,0.41725,0.42138,0.65883,0.66857,0.43753,0.44347,0.46601,0.46831,0.72349,0.73491,0.97109,0.83361,0.458,0.463,0.51606,0.52139,0.76221,0.76907,0.59783,0.59612,0.58916,0.58744,0.86415,0.8688,0.90337,0.90151,0.95386,0.98908,0.92168,0.46829,0.49154,0.71826,0.72268,0.51221,0.53963,0.54665,0.55557,0.75691,0.7685,0.97455,0.8562,0.516,0.521,0.53927,0.65223,0.77592,0.24927,0.50845,0.6302,0.81127,0.71535,0.65257,0.79987,0.59691,0.70148,0.78628,0.26318,0.51543,0.69082,0.82397,0.69144,0.65326,0.82262,0.563012,0.7460660000000001,0.563012,0.7460660000000001,-0.18305400000000016,-0.18305400000000016
inverse_block,inverse_block_bw4,mask_abl_logs,inverse_block_w4/transformerXL,standard,inverse_block,4,0.75,logs/mask_abl_logs/inverse_block_w4/transformerXL,logs,,mask_abl_logs,inverse_block_w4/transformerXL,transformerXL,mask_abl_logs/inverse_block_w4/transformerXL,1,0,0,0,0.00575,0.00607,0.06116,46.63064,0.9927,0.99959,0.00088,0.5984,0.00066,0.01187,,,,,,,,,,,,,,,,,,,,,,,,,,,,,,,,,,,,,,,,,,,,,,,,,,,,,,,,,,,,,,,,,,,,,,,,,,,,,,,,,,,,
block,block_bw4,mask_abl_logs,tem_fusion07,standard,block,4,0.75,logs/mask_abl_logs/tem_fusion07,logs,,mask_abl_logs,tem_fusion07,tem_fusion07,mask_abl_logs/tem_fusion07,1,1,1,1,0.0058,0.00589,0.06018,47.15273,0.99347,0.99949,0.00094,0.53862,0.00073,0.02296,0.45792,0.46218,0.73194,0.73163,0.50208,0.50132,0.51112,0.51142,0.83382,0.83457,0.8917,0.90192,0.94758,0.98835,0.9142,0.41305,0.42005,0.65958,0.66839,0.43015,0.4401,0.46199,0.46641,0.72084,0.73328,0.97087,0.83302,0.458,0.462,0.51623,0.51897,0.76744,0.76739,0.593,0.59113,0.59487,0.59778,0.86599,0.86773,0.90107,0.90594,0.95033,0.98839,0.91931,0.45307,0.4759,0.71583,0.72098,0.50568,0.53811,0.55959,0.56673,0.74474,0.77222,0.97244,0.84526,0.516,0.519,0.57366,0.59401,0.76037,0.25168,0.49595,0.55703,0.7916,0.6324,0.66624,0.76634,0.58021,0.68961,0.79344,0.2581,0.48527,0.63754,0.79982,0.6807,0.6619,0.81284,0.5557840000000001,0.724102,0.5557840000000001,0.724102,-0.16831799999999997,-0.16831799999999997
block,block_bw10,mask_abl_logs,thesis_bw10_bigru_mr090_pt1e10/block/gru,standard,block,10,0.9,logs/mask_abl_logs/thesis_bw10_bigru_mr090_pt1e10/block/gru,logs,,mask_abl_logs,thesis_bw10_bigru_mr090_pt1e10/block/gru,gru,mask_abl_logs/thesis_bw10_bigru_mr090_pt1e10/block/gru,1,1,1,1,0.04096,0.04114,0.16014,38.79741,0.96192,0.99741,0.00595,2.19664,0.01107,0.15165,0.4769,0.47749,0.72346,0.71998,0.46634,0.45693,0.49953,0.49492,0.83062,0.82543,0.90131,0.89879,0.94012,0.9888,0.91633,0.39841,0.40401,0.65621,0.6557,0.34957,0.37074,0.40154,0.41638,0.69509,0.72256,0.9665,0.82452,0.477,0.477,0.53329,0.53169,0.77963,0.78476,0.61037,0.60958,0.59103,0.58882,0.867,0.85857,0.90518,0.90385,0.94884,0.98885,0.92019,0.46874,0.46835,0.70996,0.72377,0.53242,0.55493,0.56433,0.57474,0.74905,0.77175,0.97023,0.84343,0.533,0.532,0.56357,0.57166,0.76904,0.29755,0.42491,0.78756,0.80387,0.6917,0.65927,0.83095,0.5128,0.67929,0.75554,0.29614,0.4205,0.79814,0.80129,0.67044,0.66192,0.87407,0.52938,0.764646,0.52938,0.764646,-0.2352660000000001,-0.2352660000000001
block,block_bw4,mask_abl_logs,thesis_data_desed_audiosetdishes/block_bw4/transformerXL,standard,block,4,0.75,logs/mask_abl_logs/thesis_data_desed_audiosetdishes/block_bw4/transformerXL,logs,,mask_abl_logs,thesis_data_desed_audiosetdishes/block_bw4/transformerXL,transformerXL,mask_abl_logs/thesis_data_desed_audiosetdishes/block_bw4/transformerXL,1,1,1,1,0.04183,0.04175,0.16128,38.75499,0.96254,0.99745,0.00722,3.08626,0.00624,0.11554,0.46658,0.46503,0.73271,0.7308,0.51457,0.50881,0.5232,0.51442,0.8434,0.84135,0.89766,0.9007,0.94736,0.98861,0.91665,0.42395,0.42141,0.66306,0.67363,0.41264,0.45939,0.45014,0.48237,0.70625,0.73489,0.968,0.82272,0.466,0.463,0.53121,0.54398,0.76333,0.7664,0.61359,0.62171,0.59563,0.60333,0.86826,0.87256,0.89999,0.90366,0.95357,0.98898,0.9212,0.5067,0.52636,0.729,0.72889,0.5696,0.56302,0.59604,0.58777,0.77907,0.7804,0.97606,0.86633,0.531,0.544,0.60626,0.70131,0.77931,0.30661,0.47093,0.75797,0.8482,0.71048,0.69658,0.81699,0.64826,0.68428,0.79464,0.30211,0.56153,0.79543,0.8295,0.68338,0.68304,0.82008,0.5979159999999999,0.7625339999999999,0.5979159999999999,0.7625339999999999,-0.16461800000000004,-0.16461800000000004
block,block_bw4,mask_abl_logs,thesis_data_desed_default/block_bw4/transformerXL,standard,block,4,0.75,logs/mask_abl_logs/thesis_data_desed_default/block_bw4/transformerXL,logs,,mask_abl_logs,thesis_data_desed_default/block_bw4/transformerXL,transformerXL,mask_abl_logs/thesis_data_desed_default/block_bw4/transformerXL,1,1,1,1,0.00577,0.00926,0.07501,44.3262,0.98779,0.9995,0.00092,0.52459,0.00157,0.04545,0.46521,0.4665,0.73031,0.72734,0.49901,0.49824,0.5089,0.50837,0.84115,0.83938,0.89673,0.89971,0.94785,0.98881,0.9175,0.42192,0.42817,0.67201,0.67247,0.44543,0.44236,0.47292,0.46445,0.73801,0.7319,0.97192,0.84129,0.465,0.466,0.53038,0.53077,0.76384,0.76724,0.58133,0.58579,0.57397,0.57494,0.86142,0.86471,0.89817,0.90398,0.95121,0.98932,0.92556,0.49057,0.49358,0.71389,0.71856,0.51311,0.52644,0.54078,0.54552,0.76348,0.7635,0.97146,0.86064,0.53,0.531,0.58985,0.69726,0.79885,0.26726,0.48773,0.706,0.80437,0.71978,0.66311,0.79821,0.62449,0.69091,0.78398,0.26048,0.48908,0.72085,0.82988,0.71173,0.67197,0.8168,0.5660000000000001,0.7540340000000001,0.5660000000000001,0.7540340000000001,-0.18803400000000003,-0.18803400000000003
block,block_bw4,mask_abl_logs,thesis_data_desed_maestro/block_bw4/transformerXL,standard,block,4,0.75,logs/mask_abl_logs/thesis_data_desed_maestro/block_bw4/transformerXL,logs,,mask_abl_logs,thesis_data_desed_maestro/block_bw4/transformerXL,transformerXL,mask_abl_logs/thesis_data_desed_maestro/block_bw4/transformerXL,1,1,1,1,0.00544,0.00915,0.07429,44.43708,0.98758,0.99953,0.00087,0.51293,0.00153,0.04485,0.46584,0.46828,0.73648,0.73241,0.4983,0.50293,0.50963,0.5123,0.84103,0.84,0.89673,0.89971,0.94705,0.98878,0.91686,0.42578,0.43055,0.66784,0.66976,0.43579,0.43377,0.47352,0.46397,0.73523,0.73111,0.97222,0.8399,0.466,0.468,0.52939,0.53484,0.76475,0.76822,0.57272,0.57865,0.57197,0.56972,0.86259,0.86782,0.90209,0.90587,0.95203,0.98931,0.92576,0.48509,0.49813,0.69516,0.70668,0.4702,0.51943,0.51632,0.54812,0.73724,0.75179,0.97301,0.852,0.529,0.535,0.62916,0.64079,0.75742,0.24715,0.53352,0.74412,0.84485,0.64882,0.65529,0.80296,0.646,0.65433,0.7899,0.25899,0.53394,0.7083,0.82592,0.69781,0.67157,0.79129,0.58008,0.73553,0.58008,0.73553,-0.15544999999999998,-0.15544999999999998
block,block_bw4,mask_abl_logs,thesis_data_desed_real_only/block_bw4/transformerXL,standard,block,4,0.75,logs/mask_abl_logs/thesis_data_desed_real_only/block_bw4/transformerXL,logs,,mask_abl_logs,thesis_data_desed_real_only/block_bw4/transformerXL,transformerXL,mask_abl_logs/thesis_data_desed_real_only/block_bw4/transformerXL,1,1,1,1,0.00141,0.00225,0.03568,49.49533,0.99489,0.99981,0.00041,0.35861,0.00102,0.02257,0.46134,0.46238,0.72007,0.71976,0.50394,0.49944,0.50948,0.50569,0.83902,0.83563,0.89673,0.89971,0.94563,0.98885,0.91745,0.4203,0.42695,0.66357,0.66204,0.45163,0.4481,0.48061,0.46992,0.72968,0.72552,0.97209,0.83528,0.461,0.462,0.52012,0.51468,0.77318,0.75976,0.61132,0.60061,0.59351,0.58739,0.86723,0.87071,0.90128,0.90446,0.95196,0.98918,0.92449,0.47376,0.47982,0.72982,0.71435,0.5295,0.55223,0.54342,0.57711,0.75593,0.77189,0.97563,0.86414,0.52,0.515,0.6359,0.64968,0.75316,0.26006,0.43215,0.72395,0.80609,0.66429,0.66084,0.80636,0.57081,0.64177,0.77643,0.2591,0.48583,0.74745,0.79775,0.69456,0.68179,0.85049,0.554792,0.7464039999999998,0.554792,0.7464039999999998,-0.1916119999999999,-0.1916119999999999
block,block_bw4,mask_abl_logs,thesis_data_desed_synth_only/block_bw4/transformerXL,standard,block,4,0.75,logs/mask_abl_logs/thesis_data_desed_synth_only/block_bw4/transformerXL,logs,,mask_abl_logs,thesis_data_desed_synth_only/block_bw4/transformerXL,transformerXL,mask_abl_logs/thesis_data_desed_synth_only/block_bw4/transformerXL,1,1,1,1,0.0,0.0,0.00059,77.49501,0.99999,1.0,0.0,0.12523,2e-05,0.00079,0.46917,0.47022,0.71759,0.71445,0.52192,0.51169,0.51452,0.50765,0.83452,0.82637,0.89673,0.89971,0.9412,0.9882,0.91426,0.42145,0.42229,0.66532,0.66419,0.43019,0.41616,0.46672,0.45155,0.72225,0.7129,0.97091,0.83533,0.469,0.47,0.53603,0.53399,0.77021,0.76862,0.59866,0.59939,0.59263,0.59454,0.87227,0.86774,0.90573,0.90481,0.95396,0.99043,0.92569,0.48431,0.4964,0.71994,0.73028,0.52226,0.53438,0.54524,0.55973,0.768,0.77672,0.97263,0.85669,0.536,0.534,0.55715,0.67273,0.80457,0.26883,0.50255,0.72327,0.81431,0.69276,0.63684,0.83432,0.62183,0.67845,0.80099,0.27802,0.4976,0.71432,0.82508,0.69017,0.65065,0.84184,0.5698179999999999,0.7499720000000001,0.5698179999999999,0.7499720000000001,-0.18015400000000015,-0.18015400000000015
block,block_bw4,mask_abl_logs,thesis_dec_conformer/block_bw4/conformer,standard,block,4,0.75,logs/mask_abl_logs/thesis_dec_conformer/block_bw4/conformer,logs,,mask_abl_logs,thesis_dec_conformer/block_bw4/conformer,conformer,mask_abl_logs/thesis_dec_conformer/block_bw4/conformer,1,1,1,1,0.00374,0.00652,0.06261,45.92449,0.99154,0.99967,0.00057,0.34098,0.00172,0.04096,0.46513,0.47087,0.74253,0.72901,0.53503,0.53844,0.53656,0.53052,0.84315,0.84204,0.89325,0.89622,0.94737,0.98894,0.91682,0.41439,0.43323,0.66964,0.67676,0.4104,0.46928,0.46092,0.49642,0.68619,0.74381,0.96911,0.82522,0.465,0.471,0.49585,0.49533,0.74438,0.75306,0.5934,0.58612,0.59224,0.58643,0.86596,0.86783,0.90141,0.90752,0.95183,0.98858,0.91625,0.47386,0.47875,0.70381,0.70566,0.54597,0.53513,0.57466,0.56379,0.77926,0.76773,0.97355,0.84868,0.496,0.495,0.64236,0.73192,0.79605,0.2516,0.47284,0.63337,0.78091,0.65636,0.63078,0.80481,0.62979,0.68703,0.79046,0.24119,0.51546,0.63645,0.78224,0.67595,0.65376,0.8293,0.566132,0.722194,0.566132,0.722194,-0.15606200000000003,-0.15606200000000003
block,block_bw4,mask_abl_logs,thesis_dec_gru/block_bw4/gru,standard,block,4,0.75,logs/mask_abl_logs/thesis_dec_gru/block_bw4/gru,logs,,mask_abl_logs,thesis_dec_gru/block_bw4/gru,gru,mask_abl_logs/thesis_dec_gru/block_bw4/gru,1,1,1,1,0.0074,0.01271,0.08744,43.04451,0.98166,0.99927,0.00145,0.86591,0.00609,0.09024,0.4732,0.47176,0.73521,0.7268,0.48806,0.48028,0.50813,0.50489,0.82982,0.82915,0.89399,0.89746,0.9424,0.98857,0.91531,0.41514,0.40987,0.6582,0.65597,0.36607,0.38272,0.42348,0.43553,0.69473,0.70123,0.96916,0.83094,0.473,0.472,0.53953,0.53991,0.78011,0.77915,0.61938,0.63299,0.59752,0.6007,0.86889,0.86825,0.90027,0.90709,0.95093,0.98898,0.9205,0.48459,0.48861,0.71358,0.71563,0.55807,0.57148,0.57231,0.57903,0.76776,0.77702,0.97181,0.85755,0.54,0.54,0.63148,0.66573,0.80002,0.29379,0.41829,0.75007,0.83017,0.66755,0.6633,0.84308,0.62205,0.67159,0.80281,0.30036,0.426,0.779,0.8476,0.6597,0.67206,0.86793,0.564656,0.765164,0.564656,0.765164,-0.2005079999999999,-0.2005079999999999
block,block_bw4,mask_abl_logs,thesis_dec_no/block_bw4/no,standard,block,4,0.75,logs/mask_abl_logs/thesis_dec_no/block_bw4/no,logs,,mask_abl_logs,thesis_dec_no/block_bw4/no,no,mask_abl_logs/thesis_dec_no/block_bw4/no,1,1,1,1,0.00524,0.00955,0.07413,44.39736,0.98664,0.99959,0.00079,0.38481,0.00452,0.08743,0.47264,0.47397,0.70853,0.71005,0.44625,0.43547,0.4941,0.49038,0.81144,0.80994,0.89512,0.90238,0.9421,0.98857,0.9149,0.42764,0.41965,0.64609,0.65289,0.36188,0.3383,0.44225,0.40617,0.69047,0.68643,0.97012,0.82803,0.473,0.474,0.53329,0.53172,0.75981,0.76022,0.52288,0.52597,0.5498,0.54853,0.85488,0.8549,0.90535,0.90585,0.95083,0.98944,0.92272,0.48387,0.48108,0.69684,0.70024,0.45778,0.45832,0.50062,0.49982,0.74697,0.74107,0.97078,0.85352,0.533,0.532,0.64353,0.67484,0.78104,0.25394,0.47377,0.76792,0.83232,0.66347,0.64082,0.81262,0.63588,0.66846,0.7725,0.25403,0.4632,0.76379,0.84144,0.66882,0.64642,0.8123,0.554406,0.7509620000000001,0.554406,0.7509620000000001,-0.19655600000000018,-0.19655600000000018
block,block_bw4,mask_abl_logs,thesis_dec_transformer/block_bw4/transformer,standard,block,4,0.75,logs/mask_abl_logs/thesis_dec_transformer/block_bw4/transformer,logs,,mask_abl_logs,thesis_dec_transformer/block_bw4/transformer,transformer,mask_abl_logs/thesis_dec_transformer/block_bw4/transformer,1,1,1,1,0.00806,0.01356,0.09039,42.63346,0.97999,0.99914,0.00168,1.13119,0.00526,0.09358,0.46078,0.46531,0.73647,0.7312,0.4908,0.48141,0.51532,0.51485,0.8273,0.82862,0.89267,0.89946,0.94354,0.98881,0.91655,0.40652,0.41559,0.65879,0.66527,0.38112,0.39883,0.44499,0.45636,0.71494,0.71999,0.97102,0.83289,0.461,0.465,0.52235,0.52392,0.77356,0.77289,0.57426,0.58154,0.56768,0.57214,0.86219,0.86438,0.89956,0.90276,0.95077,0.98865,0.92099,0.47455,0.47553,0.73013,0.72723,0.49143,0.5302,0.52545,0.55446,0.74622,0.766,0.97608,0.87103,0.522,0.524,0.5186,0.66594,0.74827,0.28614,0.44182,0.76177,0.82616,0.7116,0.66719,0.7948,0.61872,0.68186,0.77093,0.25873,0.42244,0.77387,0.85303,0.67938,0.6611,0.81762,0.546384,0.761152,0.546384,0.761152,-0.21476800000000007,-0.21476800000000007
block,block_bw4,mask_abl_logs,thesis_dec_transformerXL/block_bw4/transformerXL,standard,block,4,0.75,logs/mask_abl_logs/thesis_dec_transformerXL/block_bw4/transformerXL,logs,,mask_abl_logs,thesis_dec_transformerXL/block_bw4/transformerXL,transformerXL,mask_abl_logs/thesis_dec_transformerXL/block_bw4/transformerXL,1,1,1,1,0.00576,0.00923,0.07494,44.33972,0.98778,0.9995,0.00092,0.53108,0.00178,0.0495,0.46518,0.46631,0.73067,0.72728,0.49715,0.50079,0.50776,0.50873,0.84089,0.83972,0.89673,0.89971,0.94785,0.98879,0.91747,0.42259,0.42692,0.67169,0.67251,0.44657,0.44144,0.47254,0.46309,0.7382,0.73192,0.97196,0.84138,0.465,0.466,0.53356,0.52558,0.7703,0.77672,0.58806,0.58484,0.59355,0.58912,0.86241,0.86281,0.89985,0.90238,0.95382,0.98915,0.92383,0.48925,0.48544,0.70845,0.72323,0.5225,0.53444,0.54718,0.55902,0.76035,0.76915,0.97219,0.85711,0.534,0.526,0.6396,0.67479,0.78396,0.26294,0.47789,0.7545,0.78029,0.68423,0.65055,0.82017,0.63249,0.67798,0.79794,0.26477,0.46707,0.67504,0.81345,0.69204,0.66637,0.83554,0.565728,0.73881,0.565728,0.73881,-0.17308199999999996,-0.17308199999999996
block,block_bw16,mask_abl_logs,thesis_mask_block_bw16/block/transformerXL,standard,block,16,0.75,logs/mask_abl_logs/thesis_mask_block_bw16/block/transformerXL,logs,,mask_abl_logs,thesis_mask_block_bw16/block/transformerXL,transformerXL,mask_abl_logs/thesis_mask_block_bw16/block/transformerXL,1,1,1,1,0.0142,0.01756,0.10148,41.32483,0.9811,0.99928,0.00113,0.48635,0.00226,0.06642,0.47165,0.47035,0.73218,0.72691,0.4988,0.49889,0.5153,0.51302,0.84253,0.84094,0.8963,0.90133,0.94846,0.989,0.91824,0.42381,0.42812,0.67127,0.67058,0.43959,0.44075,0.47651,0.47587,0.73717,0.73142,0.97204,0.84015,0.472,0.47,0.53894,0.54073,0.76817,0.78153,0.58462,0.59073,0.59364,0.59284,0.86337,0.87157,0.89992,0.90697,0.95344,0.9893,0.92332,0.51224,0.5104,0.72654,0.7316,0.52476,0.53859,0.55545,0.5607,0.756,0.77343,0.97231,0.8568,0.539,0.541,0.63584,0.68294,0.81421,0.2962,0.53929,0.67843,0.79879,0.71377,0.66277,0.8388,0.63745,0.70065,0.79567,0.28711,0.53098,0.69719,0.79479,0.70442,0.66779,0.80912,0.5838,0.7412340000000001,0.5838,0.7412340000000001,-0.15743400000000007,-0.15743400000000007
block,block_bw4,mask_abl_logs,thesis_mask_block_bw4/block_bw4/transformerXL,standard,block,4,0.75,logs/mask_abl_logs/thesis_mask_block_bw4/block_bw4/transformerXL,logs,,mask_abl_logs,thesis_mask_block_bw4/block_bw4/transformerXL,transformerXL,mask_abl_logs/thesis_mask_block_bw4/block_bw4/transformerXL,1,1,1,1,0.00577,0.00927,0.07509,44.3195,0.98773,0.99949,0.00092,0.52505,0.00178,0.049,0.46549,0.46608,0.73014,0.72722,0.4988,0.49913,0.50804,0.50891,0.841,0.8396,0.89673,0.89971,0.9478,0.98881,0.91758,0.4223,0.42696,0.6717,0.67259,0.44581,0.44197,0.47268,0.46294,0.73844,0.73206,0.97195,0.84134,0.465,0.466,0.53237,0.52816,0.76046,0.76444,0.59627,0.59897,0.58012,0.5816,0.86579,0.86668,0.90358,0.90198,0.95253,0.98932,0.92567,0.48017,0.48856,0.70299,0.7195,0.50893,0.52995,0.54519,0.55722,0.75301,0.7657,0.97167,0.85271,0.532,0.528,0.62705,0.64201,0.8153,0.25065,0.49027,0.69355,0.79194,0.67949,0.65036,0.78856,0.63525,0.67094,0.80399,0.25995,0.4815,0.71147,0.82164,0.67988,0.67012,0.82755,0.5701620000000001,0.7422960000000001,0.5701620000000001,0.7422960000000001,-0.172134,-0.172134
block,block_bw5,mask_abl_logs,thesis_mask_block_bw5/block_bw5/transformerXL,standard,block,5,0.75,logs/mask_abl_logs/thesis_mask_block_bw5/block_bw5/transformerXL,logs,,mask_abl_logs,thesis_mask_block_bw5/block_bw5/transformerXL,transformerXL,mask_abl_logs/thesis_mask_block_bw5/block_bw5/transformerXL,1,1,1,1,0.0058,0.00953,0.07619,44.1982,0.9875,0.99954,0.00085,0.47342,0.00163,0.05006,0.4643,0.46457,0.73026,0.72669,0.50059,0.50419,0.50728,0.50926,0.84179,0.83918,0.89673,0.89971,0.94741,0.98877,0.91718,0.42136,0.42675,0.67225,0.67172,0.44534,0.44239,0.47373,0.46292,0.73832,0.73177,0.97203,0.84171,0.464,0.465,0.52479,0.52489,0.76105,0.76178,0.58731,0.58989,0.57475,0.57568,0.86336,0.86588,0.90058,0.90351,0.95093,0.99018,0.92829,0.47949,0.4923,0.69562,0.71232,0.5012,0.52014,0.53253,0.54913,0.74182,0.74875,0.96906,0.84921,0.525,0.525,0.60332,0.64602,0.78652,0.24837,0.48646,0.71579,0.85478,0.69447,0.66701,0.81465,0.62328,0.66662,0.78371,0.25409,0.51912,0.73542,0.82193,0.67201,0.6723,0.78736,0.5705,0.736668,0.5705,0.736668,-0.16616799999999998,-0.16616799999999998
block,block_bw8,mask_abl_logs,thesis_mask_block_bw8/block_bw8/transformerXL,standard,block,8,0.75,logs/mask_abl_logs/thesis_mask_block_bw8/block_bw8/transformerXL,logs,,mask_abl_logs,thesis_mask_block_bw8/block_bw8/transformerXL,transformerXL,mask_abl_logs/thesis_mask_block_bw8/block_bw8/transformerXL,1,1,1,1,0.00579,0.00929,0.07537,44.28857,0.98776,0.99961,0.00073,0.3926,0.00153,0.04968,0.46572,0.46481,0.73054,0.72641,0.50075,0.50046,0.50621,0.51033,0.84045,0.8395,0.89673,0.89971,0.94755,0.98878,0.91716,0.42137,0.42616,0.67205,0.67148,0.447,0.44086,0.47459,0.46216,0.73862,0.73142,0.97206,0.84182,0.466,0.465,0.52799,0.52691,0.76384,0.76607,0.57166,0.57668,0.57035,0.57435,0.86533,0.86623,0.9019,0.90298,0.95082,0.99038,0.92853,0.4799,0.48381,0.7036,0.71105,0.50863,0.52191,0.53575,0.54371,0.74455,0.75538,0.9711,0.85225,0.528,0.527,0.60652,0.63714,0.77686,0.25419,0.48162,0.7511,0.82251,0.67702,0.6574,0.82156,0.61986,0.66213,0.7858,0.25346,0.48035,0.75062,0.8429,0.67257,0.66598,0.82952,0.5610900000000001,0.751548,0.5610900000000001,0.751548,-0.1904579999999999,-0.1904579999999999
block,block_bw10,mask_abl_logs,thesis_mask_block_w10/block/transformerXL,standard,block,10,0.75,logs/mask_abl_logs/thesis_mask_block_w10/block/transformerXL,logs,,mask_abl_logs,thesis_mask_block_w10/block/transformerXL,transformerXL,mask_abl_logs/thesis_mask_block_w10/block/transformerXL,1,1,1,1,0.01401,0.02356,0.12005,40.64698,0.97519,0.99922,0.00145,0.61437,0.00797,0.12945,0.46544,0.46798,0.7297,0.72419,0.50474,0.49913,0.5124,0.50995,0.84217,0.84008,0.89673,0.89971,0.94893,0.98884,0.91772,0.42356,0.42794,0.66875,0.6686,0.42448,0.42642,0.46556,0.45791,0.73239,0.72664,0.9716,0.83944,0.465,0.468,0.53107,0.52847,0.76696,0.76768,0.60405,0.60494,0.59299,0.59121,0.86943,0.8711,0.90271,0.90621,0.95413,0.98921,0.92269,0.4996,0.50785,0.72457,0.72776,0.55264,0.5641,0.56029,0.58602,0.781,0.77562,0.97302,0.86469,0.531,0.528,0.59992,0.72494,0.78944,0.26438,0.51083,0.76729,0.79503,0.72096,0.66081,0.79778,0.6131,0.68518,0.81217,0.28245,0.53193,0.71253,0.81864,0.70406,0.68047,0.83073,0.584024,0.7502280000000001,0.584024,0.7502280000000001,-0.16620400000000013,-0.16620400000000013
inverse_block,inverse_block_bw10,mask_abl_logs,thesis_mask_inverse_block_bw10/inverse_block/transformerXL,standard,inverse_block,10,0.75,logs/mask_abl_logs/thesis_mask_inverse_block_bw10/inverse_block/transformerXL,logs,,mask_abl_logs,thesis_mask_inverse_block_bw10/inverse_block/transformerXL,transformerXL,mask_abl_logs/thesis_mask_inverse_block_bw10/inverse_block/transformerXL,1,1,1,1,0.00587,0.00731,0.06547,44.80389,0.98985,0.99948,0.00098,0.47333,0.00143,0.03178,0.46582,0.46647,0.73114,0.73062,0.50509,0.49965,0.51172,0.50819,0.84248,0.84011,0.8963,0.90133,0.94632,0.98874,0.91656,0.42033,0.42071,0.66937,0.66944,0.44561,0.4472,0.47747,0.47167,0.73856,0.732,0.97206,0.84004,0.466,0.466,0.53394,0.537,0.76332,0.77027,0.58777,0.58814,0.58346,0.58148,0.86353,0.86167,0.89925,0.90241,0.95268,0.98954,0.92268,0.47821,0.50107,0.70718,0.72237,0.51936,0.51402,0.55179,0.5469,0.74686,0.75312,0.9678,0.84399,0.534,0.537,0.63453,0.57669,0.79202,0.27005,0.5226,0.62882,0.80579,0.65012,0.67113,0.84303,0.63813,0.65759,0.8164,0.2779,0.52785,0.68562,0.80498,0.68362,0.67231,0.80623,0.5865180000000001,0.727608,0.5865180000000001,0.727608,-0.14108999999999994,-0.14108999999999994
inverse_block,inverse_block_bw4,mask_abl_logs,thesis_mask_inverse_block_bw4/inverse_block/transformerXL,standard,inverse_block,4,0.75,logs/mask_abl_logs/thesis_mask_inverse_block_bw4/inverse_block/transformerXL,logs,,mask_abl_logs,thesis_mask_inverse_block_bw4/inverse_block/transformerXL,transformerXL,mask_abl_logs/thesis_mask_inverse_block_bw4/inverse_block/transformerXL,1,1,1,1,0.0058,0.00739,0.06596,44.70279,0.98976,0.99958,0.00089,0.59849,0.00126,0.01784,0.46626,0.46578,0.72972,0.72991,0.50409,0.49635,0.51211,0.50661,0.84072,0.83819,0.8963,0.90133,0.94598,0.9888,0.91672,0.42166,0.42324,0.66975,0.66955,0.45009,0.44834,0.47787,0.47205,0.73759,0.73263,0.97226,0.84091,0.466,0.466,0.53366,0.54028,0.76499,0.76337,0.57876,0.57658,0.57857,0.57919,0.86016,0.86229,0.90045,0.90167,0.95016,0.98944,0.92463,0.49503,0.49993,0.70618,0.72375,0.47646,0.50483,0.53142,0.5427,0.73935,0.75386,0.96969,0.84377,0.534,0.54,0.624,0.62523,0.76464,0.27397,0.55903,0.67335,0.8071,0.66851,0.66087,0.81218,0.64609,0.66041,0.8009,0.2751,0.52581,0.68508,0.82324,0.68575,0.66904,0.81425,0.583388,0.733746,0.583388,0.733746,-0.150358,-0.150358
other,mask_abl_logs/thesis_mask_no_ssl/block_bw4/transformerXL,mask_abl_logs,thesis_mask_no_ssl/block_bw4/transformerXL,,,,,logs/mask_abl_logs/thesis_mask_no_ssl/block_bw4/transformerXL,logs,,mask_abl_logs,thesis_mask_no_ssl/block_bw4/transformerXL,transformerXL,mask_abl_logs/thesis_mask_no_ssl/block_bw4/transformerXL,0,1,1,0,,,,,,,,,,,0.4699,0.47505,0.73545,0.72963,0.51935,0.51792,0.5108,0.51323,0.84341,0.84245,0.89406,0.89739,0.94542,0.98857,0.91762,0.41957,0.42231,0.67013,0.67016,0.45777,0.4599,0.48436,0.4811,0.72673,0.72774,0.97295,0.84156,0.47,0.475,0.52223,0.52344,0.75691,0.76175,0.59968,0.59773,0.58996,0.59262,0.86954,0.87284,0.90209,0.90462,0.9587,0.99033,0.92489,0.4863,0.49387,0.72261,0.72769,0.54941,0.54437,0.57801,0.56846,0.77143,0.77469,0.97535,0.86075,0.522,0.523,0.58746,0.63662,0.79682,0.27099,0.48945,0.72993,0.80364,0.6843,0.68295,0.84167,0.62981,0.66765,0.80835,0.27217,0.49074,0.7192,0.80872,0.68986,0.66188,0.83184,0.57259,0.7434540000000001,0.57259,0.7434540000000001,-0.17086400000000002,-0.17086400000000002
random,random_bw10,mask_abl_logs,thesis_mask_random/random/transformerXL,standard,random,10,0.75,logs/mask_abl_logs/thesis_mask_random/random/transformerXL,logs,,mask_abl_logs,thesis_mask_random/random/transformerXL,transformerXL,mask_abl_logs/thesis_mask_random/random/transformerXL,1,1,1,1,0.00583,0.00928,0.0752,44.31614,0.98777,0.99964,0.00066,0.35875,0.0017,0.05073,0.46631,0.46699,0.73064,0.72681,0.50163,0.49927,0.50757,0.50895,0.84113,0.84029,0.89673,0.89971,0.94736,0.98878,0.91726,0.42189,0.42811,0.67175,0.6716,0.449,0.44304,0.4761,0.46327,0.73914,0.73221,0.97209,0.84183,0.466,0.467,0.52486,0.52499,0.76227,0.7657,0.58121,0.57648,0.58091,0.58109,0.8677,0.8676,0.90303,0.90357,0.953,0.98988,0.92774,0.48031,0.48167,0.7033,0.7154,0.52785,0.51096,0.55032,0.54398,0.75025,0.75392,0.97083,0.85358,0.525,0.525,0.60282,0.61708,0.79785,0.26146,0.49091,0.73957,0.83074,0.65916,0.66524,0.81935,0.61813,0.66655,0.77626,0.25523,0.47138,0.72853,0.82033,0.67435,0.66477,0.81878,0.5571539999999999,0.741708,0.5571539999999999,0.741708,-0.1845540000000001,-0.1845540000000001
random,random_bw10,mask_abl_logs,thesis_mask_random2/random/transformerXL,standard,random,10,0.75,logs/mask_abl_logs/thesis_mask_random2/random/transformerXL,logs,,mask_abl_logs,thesis_mask_random2/random/transformerXL,transformerXL,mask_abl_logs/thesis_mask_random2/random/transformerXL,1,1,1,1,0.0058,0.00584,0.05963,47.21873,0.99347,0.99963,0.00067,,0.00084,0.03234,0.46581,0.46572,0.72854,0.72715,0.51289,0.51021,0.51688,0.51023,0.84056,0.83869,0.89597,0.90154,0.94834,0.98873,0.91678,0.42413,0.42923,0.67011,0.66903,0.4387,0.44535,0.47686,0.47248,0.73469,0.72672,0.97163,0.83952,0.466,0.466,0.52477,0.5314,0.76667,0.75993,0.57273,0.57226,0.5775,0.57624,0.86083,0.86213,0.89461,0.90158,0.95385,0.98988,0.92673,0.47908,0.49119,0.70738,0.71141,0.50253,0.48338,0.5295,0.52247,0.74828,0.74977,0.97351,0.85634,0.525,0.531,0.55988,0.67368,0.82002,0.24493,0.47996,0.83001,0.85413,0.72686,0.66293,0.83062,0.63385,0.65197,0.8081,0.25092,0.53981,0.71912,0.8235,0.67048,0.66309,0.80911,0.5791540000000001,0.734836,0.5791540000000001,0.734836,-0.155682,-0.155682
shuffle,mask_abl_logs,mask_abl_logs,thesis_mask_shuffle/shuffle/transformerXL,shuffle,block,10,0.75,logs/mask_abl_logs/thesis_mask_shuffle/shuffle/transformerXL,logs,,mask_abl_logs,thesis_mask_shuffle/shuffle/transformerXL,transformerXL,mask_abl_logs/thesis_mask_shuffle/shuffle/transformerXL,1,1,1,1,0.00582,0.0073,0.06578,44.67671,0.98971,0.99726,0.00387,0.93357,0.0006,0.02198,0.46104,0.46033,0.72982,0.72607,0.50778,0.50792,0.51483,0.50701,0.84285,0.84028,0.8963,0.90133,0.94776,0.98864,0.91574,0.41569,0.41644,0.66847,0.66905,0.44207,0.45065,0.47657,0.47461,0.73727,0.73281,0.97217,0.84046,0.461,0.46,0.51703,0.52296,0.75406,0.75572,0.58672,0.58731,0.58695,0.58894,0.8657,0.86861,0.89815,0.90567,0.9521,0.98898,0.91739,0.46852,0.49889,0.70893,0.72444,0.50384,0.52926,0.54956,0.56395,0.75195,0.77204,0.97078,0.84922,0.517,0.523,0.52172,0.63923,0.79235,0.28114,0.50384,0.60666,0.78185,0.6578,0.66308,0.78216,0.62703,0.69504,0.7916,0.29026,0.52745,0.65266,0.79717,0.64262,0.66059,0.7855,0.579386,0.714598,0.579386,0.714598,-0.135212,-0.135212
block,block_bw4,mask_abl_logs,thesis_mr_040/block_bw4/transformerXL,standard,block,4,0.4,logs/mask_abl_logs/thesis_mr_040/block_bw4/transformerXL,logs,,mask_abl_logs,thesis_mr_040/block_bw4/transformerXL,transformerXL,mask_abl_logs/thesis_mr_040/block_bw4/transformerXL,1,1,1,1,0.00586,0.00932,0.07528,44.31358,0.98781,0.99977,0.00044,0.28566,0.00168,0.04922,0.466,0.46543,0.72927,0.72593,0.49907,0.49988,0.50727,0.50654,0.84081,0.83971,0.89673,0.89971,0.94758,0.98881,0.91737,0.42307,0.4263,0.67132,0.67125,0.44076,0.44069,0.47036,0.46373,0.73671,0.73115,0.97182,0.84084,0.466,0.465,0.52739,0.52849,0.76264,0.7665,0.58999,0.58795,0.58328,0.58205,0.86679,0.86892,0.90296,0.90657,0.9532,0.98946,0.92647,0.48142,0.48741,0.70389,0.71402,0.51629,0.51996,0.53648,0.55158,0.74142,0.76145,0.97114,0.85137,0.527,0.528,0.6021,0.64889,0.79518,0.2643,0.48981,0.66971,0.84677,0.67825,0.66916,0.8048,0.62575,0.66425,0.80376,0.26794,0.47561,0.70047,0.8353,0.68969,0.67008,0.82351,0.568628,0.7426440000000001,0.568628,0.7426440000000001,-0.17401600000000006,-0.17401600000000006
block,block_bw4,mask_abl_logs,thesis_mr_060/block_bw4/transformerXL,standard,block,4,0.6,logs/mask_abl_logs/thesis_mr_060/block_bw4/transformerXL,logs,,mask_abl_logs,thesis_mr_060/block_bw4/transformerXL,transformerXL,mask_abl_logs/thesis_mr_060/block_bw4/transformerXL,1,1,1,1,0.0058,0.00933,0.07529,44.30148,0.98773,0.99962,0.00072,0.427,0.00176,0.04993,0.46562,0.46493,0.72932,0.72573,0.49757,0.50289,0.50732,0.50912,0.8407,0.84049,0.89673,0.89971,0.94738,0.9888,0.91751,0.42243,0.42645,0.67209,0.67197,0.44665,0.44412,0.4743,0.46377,0.73881,0.73283,0.972,0.84145,0.466,0.465,0.52067,0.52394,0.76632,0.76228,0.57852,0.57436,0.57634,0.57358,0.86753,0.86559,0.90286,0.90351,0.95241,0.99021,0.92791,0.47959,0.48206,0.70969,0.71277,0.5338,0.50304,0.57006,0.52957,0.75293,0.74945,0.97161,0.85594,0.521,0.524,0.5997,0.67897,0.77418,0.25533,0.45499,0.78556,0.8192,0.69977,0.66009,0.85478,0.62586,0.66832,0.79021,0.24721,0.47901,0.74133,0.83256,0.67362,0.66253,0.82795,0.560964,0.748756,0.560964,0.748756,-0.18779199999999996,-0.18779199999999996
block,block_bw4,mask_abl_logs,thesis_mr_075/block_bw4/transformerXL,standard,block,4,0.75,logs/mask_abl_logs/thesis_mr_075/block_bw4/transformerXL,logs,,mask_abl_logs,thesis_mr_075/block_bw4/transformerXL,transformerXL,mask_abl_logs/thesis_mr_075/block_bw4/transformerXL,1,1,1,1,0.00577,0.00926,0.07506,44.32772,0.98777,0.9995,0.00093,0.51818,0.00175,0.04954,0.46578,0.46603,0.73026,0.7273,0.49723,0.49858,0.50756,0.50896,0.84088,0.84015,0.89673,0.89971,0.9477,0.98879,0.91742,0.42259,0.42716,0.67191,0.67268,0.44831,0.44285,0.47404,0.46455,0.73866,0.73198,0.97191,0.84126,0.466,0.466,0.52733,0.52493,0.76679,0.7688,0.58345,0.59065,0.58067,0.58499,0.86185,0.86789,0.90377,0.902,0.95455,0.98923,0.92314,0.48727,0.48404,0.71178,0.72102,0.49194,0.52182,0.53023,0.55193,0.74055,0.76271,0.97305,0.86242,0.527,0.525,0.62033,0.69288,0.7713,0.26064,0.47593,0.7636,0.82097,0.66874,0.65528,0.82594,0.62517,0.66878,0.79632,0.25558,0.47881,0.71592,0.80803,0.66121,0.67259,0.83382,0.5656939999999999,0.737552,0.5656939999999999,0.737552,-0.17185800000000007,-0.17185800000000007
block,block_bw4,mask_abl_logs,thesis_mr_085/block_bw4/transformerXL,standard,block,4,0.85,logs/mask_abl_logs/thesis_mr_085/block_bw4/transformerXL,logs,,mask_abl_logs,thesis_mr_085/block_bw4/transformerXL,transformerXL,mask_abl_logs/thesis_mr_085/block_bw4/transformerXL,1,1,1,1,0.00574,0.00925,0.07492,44.3429,0.98773,0.99941,0.00107,0.58478,0.00191,0.05258,0.46598,0.46609,0.73031,0.72673,0.50096,0.49872,0.50836,0.50907,0.84116,0.83924,0.89673,0.89971,0.9476,0.98879,0.91722,0.42187,0.4274,0.67127,0.67176,0.44435,0.44267,0.4736,0.46425,0.73843,0.73178,0.97196,0.84135,0.466,0.466,0.52523,0.52551,0.77596,0.7771,0.56809,0.57021,0.57309,0.57146,0.86397,0.86979,0.90297,0.90513,0.95259,0.98934,0.92533,0.47768,0.4905,0.70339,0.7162,0.51293,0.51937,0.54096,0.53925,0.74678,0.76224,0.97161,0.85282,0.525,0.526,0.58504,0.62255,0.78277,0.26574,0.48349,0.68238,0.84198,0.69476,0.66818,0.78629,0.64063,0.67329,0.79375,0.25606,0.48557,0.73056,0.84151,0.68959,0.67344,0.78906,0.56989,0.744802,0.56989,0.744802,-0.17491199999999996,-0.17491199999999996
block,block_bw4,mask_abl_logs,thesis_mr_090/block_bw4/transformerXL,standard,block,4,0.9,logs/mask_abl_logs/thesis_mr_090/block_bw4/transformerXL,logs,,mask_abl_logs,thesis_mr_090/block_bw4/transformerXL,transformerXL,mask_abl_logs/thesis_mr_090/block_bw4/transformerXL,1,1,1,1,0.00572,0.00923,0.07493,44.34861,0.98783,0.99937,0.00112,0.60927,0.00174,0.04958,0.46645,0.46633,0.72989,0.72662,0.49899,0.50191,0.50869,0.51014,0.84121,0.83969,0.89673,0.89971,0.94732,0.98878,0.91736,0.42303,0.42725,0.67222,0.6717,0.44795,0.4438,0.47508,0.46355,0.73935,0.73246,0.97214,0.84194,0.466,0.466,0.53338,0.52437,0.76415,0.76579,0.58311,0.58333,0.58496,0.5795,0.8646,0.86598,0.90492,0.90304,0.95189,0.98913,0.92374,0.48917,0.48539,0.70657,0.71683,0.50359,0.53517,0.53696,0.55547,0.74559,0.7706,0.97178,0.85619,0.533,0.524,0.62694,0.67173,0.76759,0.25968,0.48964,0.78229,0.79637,0.67263,0.6565,0.81861,0.6391,0.65987,0.80517,0.26173,0.48259,0.68626,0.81952,0.66552,0.66593,0.82862,0.570904,0.731958,0.570904,0.731958,-0.16105400000000003,-0.16105400000000003
block,block_bw4,mask_abl_logs,thesis_mr_095/block_bw4/transformerXL,standard,block,4,0.95,logs/mask_abl_logs/thesis_mr_095/block_bw4/transformerXL,logs,,mask_abl_logs,thesis_mr_095/block_bw4/transformerXL,transformerXL,mask_abl_logs/thesis_mr_095/block_bw4/transformerXL,1,1,1,1,0.00573,0.00926,0.07501,44.33767,0.98778,0.99933,0.00121,0.62762,0.00184,0.05102,0.46635,0.46638,0.73047,0.72683,0.49799,0.49823,0.51008,0.50921,0.84029,0.83936,0.89673,0.89971,0.94763,0.9888,0.91754,0.42115,0.42624,0.67218,0.67265,0.44327,0.44174,0.47159,0.463,0.7385,0.73174,0.97199,0.84141,0.466,0.466,0.52675,0.52239,0.76498,0.76979,0.5791,0.57956,0.57806,0.57949,0.86782,0.86846,0.9035,0.90757,0.95141,0.98927,0.92606,0.49347,0.48898,0.71023,0.71998,0.51031,0.53167,0.53989,0.5562,0.75087,0.76926,0.97337,0.86034,0.527,0.522,0.64569,0.69911,0.785,0.25981,0.48731,0.76444,0.79084,0.67685,0.66064,0.81209,0.64636,0.65714,0.80268,0.26082,0.49048,0.68834,0.81577,0.67827,0.67094,0.81296,0.574256,0.7304959999999999,0.574256,0.7304959999999999,-0.15623999999999993,-0.15623999999999993
block,block_bw4,mask_abl_logs,thesis_pt1_e10/block_bw4/transformerXL,standard,block,4,0.75,logs/mask_abl_logs/thesis_pt1_e10/block_bw4/transformerXL,logs,,mask_abl_logs,thesis_pt1_e10/block_bw4/transformerXL,transformerXL,mask_abl_logs/thesis_pt1_e10/block_bw4/transformerXL,1,1,1,1,0.01771,0.01812,0.10614,42.26608,0.98237,0.99543,0.00764,2.2721,0.00176,0.0548,0.4469,0.45274,0.72704,0.72044,0.5171,0.518,0.52934,0.51844,0.83948,0.84047,0.89766,0.9007,0.94677,0.98788,0.91004,0.39132,0.4034,0.66057,0.65467,0.39875,0.41195,0.43855,0.4474,0.70107,0.70562,0.96547,0.8134,0.447,0.453,0.51469,0.51412,0.76917,0.76228,0.57034,0.57495,0.58245,0.59037,0.86842,0.86913,0.90777,0.90996,0.95265,0.98947,0.92173,0.49006,0.48641,0.72103,0.72011,0.50362,0.52552,0.54295,0.55605,0.7555,0.76649,0.97576,0.86416,0.515,0.514,0.68054,0.75295,0.78389,0.27056,0.46147,0.66069,0.80984,0.68845,0.63902,0.82765,0.65648,0.66892,0.76864,0.26386,0.47487,0.69281,0.8205,0.69612,0.64112,0.81598,0.560994,0.738866,0.560994,0.738866,-0.17787200000000003,-0.17787200000000003
block,block_bw4,mask_abl_logs,thesis_pt1_e20/block_bw4/transformerXL,standard,block,4,0.75,logs/mask_abl_logs/thesis_pt1_e20/block_bw4/transformerXL,logs,,mask_abl_logs,thesis_pt1_e20/block_bw4/transformerXL,transformerXL,mask_abl_logs/thesis_pt1_e20/block_bw4/transformerXL,1,1,1,1,0.00571,0.00589,0.0603,46.76093,0.99298,0.99823,0.00277,0.98658,0.00048,0.01203,0.44304,0.44657,0.72488,0.72113,0.5005,0.5196,0.51619,0.52276,0.83795,0.83792,0.89766,0.9007,0.94603,0.98785,0.90879,0.38627,0.40416,0.64717,0.64689,0.38362,0.39975,0.41592,0.43306,0.67381,0.68952,0.96154,0.79981,0.443,0.447,0.51034,0.50751,0.76796,0.75604,0.57427,0.5818,0.58237,0.58324,0.86926,0.86968,0.90749,0.90866,0.95328,0.98929,0.92192,0.47537,0.47034,0.71727,0.7197,0.53389,0.538,0.56283,0.56596,0.75952,0.75858,0.97741,0.86299,0.51,0.508,0.6278,0.66851,0.77472,0.25492,0.45986,0.6742,0.8251,0.68656,0.64359,0.84071,0.5965,0.65939,0.77414,0.25614,0.45403,0.68398,0.81567,0.68506,0.64407,0.84015,0.544976,0.73685,0.544976,0.73685,-0.191874,-0.191874
block,block_bw4,mask_abl_logs,thesis_pt1_e30/block_bw4/transformerXL,standard,block,4,0.75,logs/mask_abl_logs/thesis_pt1_e30/block_bw4/transformerXL,logs,,mask_abl_logs,thesis_pt1_e30/block_bw4/transformerXL,transformerXL,mask_abl_logs/thesis_pt1_e30/block_bw4/transformerXL,1,1,1,1,0.00206,0.00223,0.0367,50.41211,0.99668,0.99923,0.00128,0.52226,0.00023,0.00983,0.44351,0.44574,0.7265,0.71932,0.5026,0.51726,0.51276,0.52313,0.83512,0.83483,0.89766,0.9007,0.94527,0.98799,0.90998,0.40099,0.41069,0.66291,0.66027,0.42837,0.44926,0.44749,0.48204,0.71236,0.73099,0.97026,0.82922,0.444,0.446,0.50987,0.50561,0.76024,0.75051,0.58424,0.58153,0.58575,0.58721,0.86531,0.86703,0.9048,0.90718,0.95538,0.98951,0.92203,0.46302,0.47653,0.71109,0.71582,0.52192,0.52014,0.55509,0.55084,0.75012,0.75753,0.97741,0.85873,0.51,0.506,0.61263,0.6437,0.75318,0.25523,0.45609,0.60727,0.80937,0.68253,0.64009,0.80598,0.62645,0.66607,0.75524,0.25152,0.49683,0.63613,0.80857,0.67031,0.64705,0.78807,0.555418,0.7138300000000001,0.555418,0.7138300000000001,-0.1584120000000001,-0.1584120000000001
block,block_bw4,mask_abl_logs,thesis_pt1_e50/block_bw4/transformerXL,standard,block,4,0.75,logs/mask_abl_logs/thesis_pt1_e50/block_bw4/transformerXL,logs,,mask_abl_logs,thesis_pt1_e50/block_bw4/transformerXL,transformerXL,mask_abl_logs/thesis_pt1_e50/block_bw4/transformerXL,1,1,1,1,0.00019,0.0002,0.01021,59.65748,0.99957,0.99991,0.00024,0.26832,0.0001,0.00325,0.43548,0.43777,0.72156,0.71381,0.50919,0.51429,0.5099,0.50839,0.83324,0.83,0.89766,0.9007,0.94258,0.98754,0.9061,0.40092,0.40383,0.64849,0.64715,0.44494,0.44353,0.46902,0.47497,0.71959,0.72213,0.96812,0.81947,0.435,0.438,0.5139,0.51168,0.76357,0.75658,0.58419,0.58539,0.58694,0.59007,0.86987,0.87013,0.91088,0.9084,0.95571,0.98962,0.92448,0.45437,0.46449,0.71316,0.71498,0.50979,0.52592,0.55576,0.55983,0.74799,0.76351,0.97629,0.85867,0.514,0.512,0.5579,0.59521,0.76743,0.25047,0.46173,0.6308,0.80515,0.66302,0.65941,0.80819,0.5723,0.61452,0.77195,0.24757,0.48559,0.66643,0.79558,0.66699,0.65119,0.79581,0.5457200000000001,0.707866,0.5457200000000001,0.707866,-0.1621459999999999,-0.1621459999999999
attmask,attmask_topk030,passt_cnn_mlm_attmask_topk_030,attmask_topk_030/transformerXL,attmask,,16,0.75,masks/AttMask/passt_cnn_mlm_attmask_topk_030/attmask_topk_030/transformerXL,masks,AttMask,passt_cnn_mlm_attmask_topk_030,attmask_topk_030/transformerXL,transformerXL,AttMask/passt_cnn_mlm_attmask_topk_030/attmask_topk_030/transformerXL,1,1,1,1,0.0057,0.00551,0.05829,46.86421,0.99327,0.99812,0.0027,0.83699,0.00046,0.01411,0.46668,0.46863,0.73595,0.73129,0.50584,0.51101,0.51074,0.51096,0.84077,0.84049,0.89159,0.8998,0.94787,0.98886,0.91706,0.42319,0.42652,0.66981,0.67063,0.43583,0.4394,0.47202,0.46487,0.72673,0.72606,0.97182,0.83997,0.467,0.469,0.52608,0.53401,0.76457,0.75842,0.58804,0.59133,0.5793,0.58142,0.85958,0.86293,0.90081,0.9004,0.95274,0.98956,0.92616,0.4718,0.49387,0.70883,0.71175,0.4842,0.5197,0.52721,0.54449,0.72586,0.75304,0.96966,0.84727,0.526,0.534,0.58411,0.67598,0.752,0.24828,0.49351,0.6962,0.7734,0.62327,0.66302,0.78947,0.62703,0.68389,0.79448,0.25627,0.51275,0.7419,0.81908,0.66755,0.67281,0.8294,0.572668,0.748364,0.572668,0.748364,-0.17569600000000007,-0.17569600000000007
attmask,attmask_topk030,passt_cnn_mlm_attmask_topk_030,attmask_topk_030_full/attmask_topk_030/transformerXL,attmask,,16,0.75,masks/AttMask/passt_cnn_mlm_attmask_topk_030/attmask_topk_030_full/attmask_topk_030/transformerXL,masks,AttMask,passt_cnn_mlm_attmask_topk_030,attmask_topk_030_full/attmask_topk_030/transformerXL,transformerXL,AttMask/passt_cnn_mlm_attmask_topk_030/attmask_topk_030_full/attmask_topk_030/transformerXL,1,1,1,1,0.0057,0.00551,0.05829,46.86421,0.99327,0.99812,0.0027,0.83699,0.00046,0.01411,0.46668,0.46863,0.73595,0.73129,0.50584,0.51101,0.51074,0.51096,0.84077,0.84049,0.89159,0.8998,0.94787,0.98886,0.91706,0.42319,0.42652,0.66981,0.67063,0.43583,0.4394,0.47202,0.46487,0.72673,0.72606,0.97182,0.83997,0.467,0.469,0.52608,0.53401,0.76457,0.75842,0.58804,0.59133,0.5793,0.58142,0.85958,0.86293,0.90081,0.9004,0.95274,0.98956,0.92616,0.4718,0.49387,0.70883,0.71175,0.4842,0.5197,0.52721,0.54449,0.72586,0.75304,0.96966,0.84727,0.526,0.534,0.58411,0.67598,0.752,0.24828,0.49351,0.6962,0.7734,0.62327,0.66302,0.78947,0.62703,0.68389,0.79448,0.25627,0.51275,0.7419,0.81908,0.66755,0.67281,0.8294,0.572668,0.748364,0.572668,0.748364,-0.17569600000000007,-0.17569600000000007
block,block_bw4,passt_cnn_mlm_attmask_topk_030,attmask_topk_030_full/block_bw4/transformerXL,standard,block,4,0.75,masks/AttMask/passt_cnn_mlm_attmask_topk_030/attmask_topk_030_full/block_bw4/transformerXL,masks,AttMask,passt_cnn_mlm_attmask_topk_030,attmask_topk_030_full/block_bw4/transformerXL,transformerXL,AttMask/passt_cnn_mlm_attmask_topk_030/attmask_topk_030_full/block_bw4/transformerXL,1,0,0,0,,,,,,,,,,,,,,,,,,,,,,,,,,,,,,,,,,,,,,,,,,,,,,,,,,,,,,,,,,,,,,,,,,,,,,,,,,,,,,,,,,,,,,,,,,,,,,
block,block_bw4,passt_cnn_mlm_attmask_topk_030,block_bw4/transformerXL,standard,block,4,0.75,masks/AttMask/passt_cnn_mlm_attmask_topk_030/block_bw4/transformerXL,masks,AttMask,passt_cnn_mlm_attmask_topk_030,block_bw4/transformerXL,transformerXL,AttMask/passt_cnn_mlm_attmask_topk_030/block_bw4/transformerXL,1,0,0,0,,,,,,,,,,,,,,,,,,,,,,,,,,,,,,,,,,,,,,,,,,,,,,,,,,,,,,,,,,,,,,,,,,,,,,,,,,,,,,,,,,,,,,,,,,,,,,
attmask,attmask_topk050,passt_cnn_mlm_attmask_topk_050,attmask_topk_050/transformerXL,attmask,,16,0.75,masks/AttMask/passt_cnn_mlm_attmask_topk_050/attmask_topk_050/transformerXL,masks,AttMask,passt_cnn_mlm_attmask_topk_050,attmask_topk_050/transformerXL,transformerXL,AttMask/passt_cnn_mlm_attmask_topk_050/attmask_topk_050/transformerXL,1,1,1,1,0.0057,0.00551,0.05829,46.86421,0.99327,0.99812,0.0027,0.83688,0.00046,0.01411,0.46652,0.46863,0.73596,0.73127,0.50589,0.51101,0.5108,0.51096,0.84077,0.84049,0.89159,0.8998,0.94787,0.98886,0.91702,0.42319,0.42652,0.66982,0.67064,0.4359,0.4394,0.47207,0.46487,0.72673,0.72606,0.97182,0.83997,0.467,0.469,0.53409,0.53457,0.76001,0.75853,0.57976,0.58235,0.58289,0.58694,0.85781,0.86251,0.90164,0.90367,0.95308,0.98965,0.92645,0.4688,0.48465,0.69411,0.70324,0.52458,0.52778,0.55521,0.55627,0.74515,0.75365,0.97167,0.84582,0.534,0.535,0.58652,0.56433,0.76898,0.25718,0.47337,0.73372,0.81321,0.68627,0.6797,0.8136,0.6299,0.6061,0.80078,0.25119,0.50468,0.76322,0.82055,0.67798,0.67555,0.80242,0.57242,0.734054,0.57242,0.734054,-0.16163399999999994,-0.16163399999999994
block,block_bw4,passt_cnn_mlm_attmask_topk_050,block_bw4/transformerXL,standard,block,4,0.75,masks/AttMask/passt_cnn_mlm_attmask_topk_050/block_bw4/transformerXL,masks,AttMask,passt_cnn_mlm_attmask_topk_050,block_bw4/transformerXL,transformerXL,AttMask/passt_cnn_mlm_attmask_topk_050/block_bw4/transformerXL,1,0,0,0,,,,,,,,,,,,,,,,,,,,,,,,,,,,,,,,,,,,,,,,,,,,,,,,,,,,,,,,,,,,,,,,,,,,,,,,,,,,,,,,,,,,,,,,,,,,,,
attmask,attmask_topk050_el10,passt_cnn_mlm_attmask_topk_050_attnel10,attmask_topk_050_attnel10/transformerXL,attmask,,4,0.75,masks/AttMask/passt_cnn_mlm_attmask_topk_050_attnel10/attmask_topk_050_attnel10/transformerXL,masks,AttMask,passt_cnn_mlm_attmask_topk_050_attnel10,attmask_topk_050_attnel10/transformerXL,transformerXL,AttMask/passt_cnn_mlm_attmask_topk_050_attnel10/attmask_topk_050_attnel10/transformerXL,1,1,1,1,0.02732,0.04368,0.16315,39.05178,0.96474,0.99275,0.00978,2.51472,0.01161,0.16344,0.41016,0.334,0.66842,0.58905,0.39015,0.22339,0.41233,0.29682,0.74039,0.51043,0.85722,0.86055,0.90603,0.9843,0.88416,0.37095,0.31444,0.60219,0.52022,0.35465,0.20776,0.38414,0.27529,0.67325,0.46518,0.96467,0.79801,0.41,0.334,0.52143,0.51809,0.75824,0.76368,0.58234,0.58735,0.58885,0.59102,0.86441,0.86281,0.902,0.9,0.95465,0.98915,0.91939,0.48478,0.48252,0.7123,0.72029,0.55217,0.55484,0.57352,0.58186,0.79185,0.79326,0.97505,0.86133,0.521,0.518,0.56136,0.70147,0.80438,0.27325,0.5133,0.68191,0.8037,0.65403,0.65288,0.80505,0.56827,0.66896,0.80866,0.28486,0.46649,0.72737,0.81358,0.66736,0.66371,0.827,0.5583980000000001,0.7408539999999999,0.5583980000000001,0.7408539999999999,-0.18245599999999984,-0.18245599999999984
attmask,attmask_topk050_el2,passt_cnn_mlm_attmask_topk_050_attnel2,attmask_topk_050_attnel2/transformerXL,attmask,,4,0.75,masks/AttMask/passt_cnn_mlm_attmask_topk_050_attnel2/attmask_topk_050_attnel2/transformerXL,masks,AttMask,passt_cnn_mlm_attmask_topk_050_attnel2,attmask_topk_050_attnel2/transformerXL,transformerXL,AttMask/passt_cnn_mlm_attmask_topk_050_attnel2/attmask_topk_050_attnel2/transformerXL,1,1,1,1,0.00572,0.0084,0.07158,45.78793,0.9917,0.99818,0.00263,0.6897,0.00148,0.04355,0.41108,0.33604,0.67218,0.59269,0.38825,0.21956,0.40678,0.29539,0.73434,0.50566,0.85722,0.86055,0.90403,0.98407,0.8839,0.37074,0.31582,0.60133,0.5167,0.35951,0.20349,0.39097,0.27529,0.67434,0.46655,0.96447,0.79686,0.411,0.336,0.52227,0.52045,0.7667,0.76471,0.58926,0.5918,0.58821,0.59395,0.86734,0.86697,0.90539,0.90697,0.95282,0.98876,0.91721,,,,,,,,,,,,,,,,,,,,,,,,,,,,,,,,,,,,,,,,
attmask,attmask_topk050_el4,passt_cnn_mlm_attmask_topk_050_attnel4,attmask_topk_050_attnel4/transformerXL,attmask,,4,0.75,masks/AttMask/passt_cnn_mlm_attmask_topk_050_attnel4/attmask_topk_050_attnel4/transformerXL,masks,AttMask,passt_cnn_mlm_attmask_topk_050_attnel4,attmask_topk_050_attnel4/transformerXL,transformerXL,AttMask/passt_cnn_mlm_attmask_topk_050_attnel4/attmask_topk_050_attnel4/transformerXL,1,1,1,1,0.00558,0.0088,0.07323,45.59473,0.99083,0.99821,0.00257,0.86741,0.00161,0.04039,0.40878,0.33061,0.66727,0.58922,0.38371,0.20537,0.40375,0.28992,0.7306,0.48979,0.85722,0.86055,0.90275,0.98401,0.88304,0.36969,0.30975,0.5983,0.51415,0.34714,0.19582,0.38435,0.27156,0.66922,0.45158,0.96433,0.79562,0.409,0.331,0.52556,0.52092,0.76812,0.7664,0.58941,0.59127,0.58941,0.5919,0.86578,0.86687,0.90247,0.90366,0.95369,0.98911,0.91953,0.48081,0.47644,0.72034,0.72138,0.54191,0.54729,0.57406,0.57744,0.78329,0.78914,0.97574,0.86136,0.526,0.521,0.57598,0.66702,0.77605,0.27447,0.4808,0.68648,0.80402,0.67669,0.65938,0.80601,0.57283,0.64995,0.79683,0.27421,0.46638,0.69681,0.80153,0.68496,0.6568,0.84277,0.5534100000000001,0.7352040000000001,0.5534100000000001,0.7352040000000001,-0.181794,-0.181794
attmask,attmask_topk050_el8,passt_cnn_mlm_attmask_topk_050_attnel8,attmask_topk_050_attnel8/transformerXL,attmask,,4,0.75,masks/AttMask/passt_cnn_mlm_attmask_topk_050_attnel8/attmask_topk_050_attnel8/transformerXL,masks,AttMask,passt_cnn_mlm_attmask_topk_050_attnel8,attmask_topk_050_attnel8/transformerXL,transformerXL,AttMask/passt_cnn_mlm_attmask_topk_050_attnel8/attmask_topk_050_attnel8/transformerXL,1,0,0,0,0.01982,0.03165,0.13881,40.43715,0.97362,0.99463,0.00724,2.07191,0.0087,0.13037,,,,,,,,,,,,,,,,,,,,,,,,,,,,,,,,,,,,,,,,,,,,,,,,,,,,,,,,,,,,,,,,,,,,,,,,,,,,,,,,,,,,
attmask,attmask_topk050,passt_cnn_mlm_attmask_topk_050_bw4,attmask_topk_050_bw4/transformerXL,attmask,,4,0.75,masks/AttMask/passt_cnn_mlm_attmask_topk_050_bw4/attmask_topk_050_bw4/transformerXL,masks,AttMask,passt_cnn_mlm_attmask_topk_050_bw4,attmask_topk_050_bw4/transformerXL,transformerXL,AttMask/passt_cnn_mlm_attmask_topk_050_bw4/attmask_topk_050_bw4/transformerXL,1,1,1,1,0.00495,0.00549,0.05856,48.22607,0.99442,0.99842,0.00233,0.77345,0.00119,0.03482,0.46246,0.46425,0.73239,0.72797,0.50864,0.49911,0.51538,0.51092,0.84109,0.8409,0.89594,0.89844,0.94587,0.98879,0.91606,0.412,0.41288,0.67315,0.67143,0.44991,0.44607,0.48392,0.47546,0.73422,0.73119,0.97217,0.84221,0.462,0.464,0.52455,0.53116,0.76174,0.76063,0.57969,0.58383,0.57651,0.57737,0.86381,0.86406,0.89854,0.89867,0.94913,0.98971,0.92419,0.4774,0.49416,0.7074,0.71232,0.50587,0.51917,0.54399,0.54264,0.75211,0.75386,0.97074,0.85361,0.525,0.531,0.61294,0.62783,0.78762,0.25401,0.48527,0.73847,0.77905,0.67422,0.64458,0.85162,0.62375,0.65775,0.81504,0.25788,0.51844,0.76747,0.81774,0.67601,0.66526,0.83561,0.576074,0.7509159999999999,0.576074,0.7509159999999999,-0.17484199999999994,-0.17484199999999994
attmask,attmask_topk050_el10_early,passt_cnn_mlm_attmask_topk_050_early10,attmask_topk_050_early10/transformerXL,attmask,,16,0.75,masks/AttMask/passt_cnn_mlm_attmask_topk_050_early10/attmask_topk_050_early10/transformerXL,masks,AttMask,passt_cnn_mlm_attmask_topk_050_early10,attmask_topk_050_early10/transformerXL,transformerXL,AttMask/passt_cnn_mlm_attmask_topk_050_early10/attmask_topk_050_early10/transformerXL,1,0,0,0,,,,,,,,,,,,,,,,,,,,,,,,,,,,,,,,,,,,,,,,,,,,,,,,,,,,,,,,,,,,,,,,,,,,,,,,,,,,,,,,,,,,,,,,,,,,,,
attmask,attmask_topk075,passt_cnn_mlm_attmask_topk_075,attmask_topk_075/transformerXL,attmask,,16,0.75,masks/AttMask/passt_cnn_mlm_attmask_topk_075/attmask_topk_075/transformerXL,masks,AttMask,passt_cnn_mlm_attmask_topk_075,attmask_topk_075/transformerXL,transformerXL,AttMask/passt_cnn_mlm_attmask_topk_075/attmask_topk_075/transformerXL,1,1,1,1,0.00563,0.0045,0.05278,49.31682,0.99556,0.99818,0.00262,0.85005,0.00051,0.0116,0.41078,0.33383,0.67055,0.59666,0.37882,0.20602,0.40454,0.29976,0.73626,0.50407,0.85727,0.86055,0.90552,0.98415,0.88414,0.36912,0.30876,0.60344,0.52196,0.33778,0.18741,0.38097,0.26713,0.67364,0.45905,0.96489,0.79822,0.411,0.334,0.52063,0.52046,0.76336,0.7593,0.58859,0.58653,0.58545,0.58897,0.86453,0.86476,0.9055,0.90148,0.95571,0.98962,0.9226,,,,,,,,,,,,,,,,,,,,,,,,,,,,,,,,,,,,,,,,
attmask,attmask_topk075,passt_cnn_mlm_attmask_topk_075,passt_cnn_mlm_attmask_topk_075/attmask_topk_075/transformerXL,attmask,,16,0.75,masks/AttMask/passt_cnn_mlm_attmask_topk_075/passt_cnn_mlm_attmask_topk_075/attmask_topk_075/transformerXL,masks,AttMask,passt_cnn_mlm_attmask_topk_075,passt_cnn_mlm_attmask_topk_075/attmask_topk_075/transformerXL,transformerXL,AttMask/passt_cnn_mlm_attmask_topk_075/passt_cnn_mlm_attmask_topk_075/attmask_topk_075/transformerXL,1,1,1,1,0.00563,0.0045,0.05278,49.31682,0.99556,0.99818,0.00262,0.85005,0.00051,0.0116,0.41078,0.33383,0.67055,0.59666,0.37882,0.20602,0.40454,0.29976,0.73626,0.50407,0.85727,0.86055,0.90552,0.98415,0.88414,0.36912,0.30876,0.60344,0.52196,0.33778,0.18741,0.38097,0.26713,0.67364,0.45905,0.96489,0.79822,0.411,0.334,0.52063,0.52046,0.76336,0.7593,0.58859,0.58991,0.58545,0.58897,0.86453,0.86476,0.9055,0.90205,0.95571,0.98962,0.9226,,,,,,,,,,,,,,,,,,,,,,,,,,,,,,,,,,,,,,,,
block,block_bw32,passt_cnn_pt1_ft1_ft2_block_bw32,block_bw32/transformerXL,standard,block,32,0.75,masks/Block/passt_cnn_pt1_ft1_ft2_block_bw32/block_bw32/transformerXL,masks,Block,passt_cnn_pt1_ft1_ft2_block_bw32,block_bw32/transformerXL,transformerXL,Block/passt_cnn_pt1_ft1_ft2_block_bw32/block_bw32/transformerXL,1,1,1,1,0.00588,0.00899,0.07407,45.47131,0.99086,0.99972,0.00038,0.20059,0.00164,0.04268,0.46543,0.46612,0.73682,0.73321,0.50382,0.50034,0.50805,0.5056,0.84056,0.83928,0.89199,0.901,0.94738,0.98869,0.91657,0.41566,0.41671,0.67169,0.67083,0.4477,0.45217,0.4757,0.47159,0.73,0.73168,0.972,0.84134,0.465,0.466,0.53079,0.53309,0.76212,0.76459,0.59835,0.60165,0.58788,0.59032,0.86571,0.86739,0.90474,0.90585,0.95457,0.98907,0.92054,0.48313,0.4881,0.71669,0.72169,0.54196,0.55089,0.5703,0.56827,0.768,0.77017,0.97425,0.85643,0.531,0.533,0.61274,0.70216,0.80654,0.27192,0.47595,0.68568,0.8187,0.6422,0.64999,0.79457,0.59716,0.65848,0.80475,0.26827,0.50604,0.70033,0.8165,0.68854,0.65655,0.79692,0.566554,0.7321540000000001,0.566554,0.7321540000000001,-0.16560000000000008,-0.16560000000000008
block,block_bw64,passt_cnn_pt1_ft1_ft2_block_bw64,block_bw64/transformerXL,standard,block,64,0.75,masks/Block/passt_cnn_pt1_ft1_ft2_block_bw64/block_bw64/transformerXL,masks,Block,passt_cnn_pt1_ft1_ft2_block_bw64,block_bw64/transformerXL,transformerXL,Block/passt_cnn_pt1_ft1_ft2_block_bw64/block_bw64/transformerXL,1,0,0,0,0.14356,0.12459,0.27752,35.51855,0.91061,0.97759,0.04059,7.744,0.04384,0.2693,,,,,,,,,,,,,,,,,,,,,,,,,,,,,,,,,,,,,,,,,,,,,,,,,,,,,,,,,,,,,,,,,,,,,,,,,,,,,,,,,,,,
block,block_bw16,thesis_mask_block_bw16,block/transformerXL,standard,block,16,0.75,masks/Block/thesis_mask_block_bw16/block/transformerXL,masks,Block,thesis_mask_block_bw16,block/transformerXL,transformerXL,Block/thesis_mask_block_bw16/block/transformerXL,1,1,1,1,0.0142,0.01756,0.10148,41.32483,0.9811,0.99928,0.00113,0.48635,0.00226,0.06642,0.47165,0.47035,0.73218,0.72691,0.4988,0.49889,0.5153,0.51302,0.84253,0.84094,0.8963,0.90133,0.94846,0.989,0.91824,0.42381,0.42812,0.67127,0.67058,0.43959,0.44075,0.47651,0.47587,0.73717,0.73142,0.97204,0.84015,0.472,0.47,0.53894,0.54073,0.76817,0.78153,0.58462,0.59073,0.59364,0.59284,0.86337,0.87157,0.89992,0.90697,0.95344,0.9893,0.92332,0.51224,0.5104,0.72654,0.7316,0.52476,0.53859,0.55545,0.5607,0.756,0.77343,0.97231,0.8568,0.539,0.541,0.63584,0.68294,0.81421,0.2962,0.53929,0.67843,0.79879,0.71377,0.66277,0.8388,0.63745,0.70065,0.79567,0.28711,0.53098,0.69719,0.79479,0.70442,0.66779,0.80912,0.5838,0.7412340000000001,0.5838,0.7412340000000001,-0.15743400000000007,-0.15743400000000007
block,block_bw16,thesis_mask_block_bw2,block_bw16/transformerXL,standard,block,16,0.75,masks/Block/thesis_mask_block_bw2/block_bw16/transformerXL,masks,Block,thesis_mask_block_bw2,block_bw16/transformerXL,transformerXL,Block/thesis_mask_block_bw2/block_bw16/transformerXL,1,1,1,1,0.0058,0.00569,0.05894,47.28316,0.99368,0.99966,0.00053,0.30026,0.00072,0.02443,0.4135,0.34983,0.67324,0.60684,0.39113,0.19949,0.42293,0.3014,0.73676,0.49589,0.85846,0.86079,0.9018,0.98415,0.88351,0.37423,0.31467,0.60149,0.5229,0.34447,0.19075,0.38612,0.27123,0.66842,0.44845,0.96409,0.79533,0.414,0.35,0.50974,0.51396,0.76068,0.76426,0.58381,0.57971,0.58034,0.58257,0.85919,0.86355,0.89509,0.90313,0.94948,0.98917,0.9189,,,,,,,,,,,,,,,,,,,,,,,,,,,,,,,,,,,,,,,,
block,block_bw2,thesis_mask_block_bw2,thesis_mask_block_bw2/transformerXL,standard,block,2,0.75,masks/Block/thesis_mask_block_bw2/thesis_mask_block_bw2/transformerXL,masks,Block,thesis_mask_block_bw2,thesis_mask_block_bw2/transformerXL,transformerXL,Block/thesis_mask_block_bw2/thesis_mask_block_bw2/transformerXL,1,1,1,1,0.00581,0.00565,0.05871,47.32536,0.99371,0.99915,0.00143,0.6567,0.00085,0.03276,0.41164,0.34295,0.66718,0.59972,0.38783,0.20272,0.41792,0.29872,0.73674,0.50379,0.85846,0.86079,0.9048,0.98419,0.88314,0.3722,0.31554,0.60136,0.52268,0.34958,0.19946,0.38707,0.27564,0.66918,0.4541,0.9644,0.79629,0.412,0.343,0.52376,0.52373,0.76729,0.76284,0.60001,0.59969,0.59772,0.59653,0.86655,0.86518,0.9031,0.90216,0.95396,0.98922,0.91884,0.47364,0.47598,0.72627,0.72672,0.5493,0.55257,0.57829,0.58362,0.78728,0.79192,0.97566,0.8617,0.524,0.524,0.59276,0.63698,0.79778,0.28286,0.44126,0.6447,0.79766,0.70526,0.6656,0.83065,0.5828,0.67801,0.80443,0.28553,0.43479,0.66547,0.79864,0.6883,0.66356,0.8421,0.554222,0.734504,0.554222,0.734504,-0.18028200000000005,-0.18028200000000005
block,block_bw20,thesis_mask_block_bw20,block_bw20/transformerXL,standard,block,20,0.75,masks/Block/thesis_mask_block_bw20/block_bw20/transformerXL,masks,Block,thesis_mask_block_bw20,block_bw20/transformerXL,transformerXL,Block/thesis_mask_block_bw20/block_bw20/transformerXL,1,1,1,1,0.00509,0.0048,0.05399,48.19739,0.99472,0.99971,0.00044,0.25403,0.00037,0.01194,0.4139,0.33832,0.66683,0.58514,0.3924,0.20232,0.41208,0.29911,0.73109,0.51352,0.85774,0.86079,0.90189,0.98397,0.88287,0.37319,0.31575,0.60005,0.51692,0.35166,0.20012,0.38794,0.27327,0.67042,0.4642,0.96462,0.79716,0.414,0.338,0.51281,0.51584,0.75702,0.76184,0.58772,0.57964,0.58797,0.58437,0.86654,0.86472,0.90328,0.90553,0.95066,0.98918,0.91765,0.46599,0.48424,0.71498,0.72149,0.52763,0.53933,0.55668,0.57382,0.78868,0.79531,0.97389,0.85865,0.513,0.516,0.47426,0.73724,0.78212,0.27146,0.50099,0.6655,0.78036,0.65229,0.64551,0.78322,0.52746,0.66675,0.7927,0.28394,0.54121,0.67052,0.80972,0.67237,0.64488,0.79168,0.558038,0.722208,0.558038,0.722208,-0.16416999999999993,-0.16416999999999993
block,block_bw24,thesis_mask_block_bw24,block_bw24/transformerXL,standard,block,24,0.75,masks/Block/thesis_mask_block_bw24/block_bw24/transformerXL,masks,Block,thesis_mask_block_bw24,block_bw24/transformerXL,transformerXL,Block/thesis_mask_block_bw24/block_bw24/transformerXL,1,1,1,1,0.00516,0.00481,0.05422,48.17656,0.99471,0.99971,0.00042,0.23964,0.00045,0.01446,0.41306,0.34178,0.66649,0.58975,0.39088,0.21192,0.41555,0.30815,0.73981,0.52469,0.85774,0.86079,0.90521,0.98408,0.88316,0.37277,0.31715,0.59994,0.5179,0.35276,0.20729,0.38784,0.2816,0.67419,0.47455,0.96445,0.79678,0.413,0.342,0.51545,0.51757,0.76109,0.76175,0.5848,0.58622,0.58859,0.58597,0.86417,0.86317,0.9025,0.90211,0.9523,0.98916,0.91813,0.47392,0.4926,0.70958,0.72901,0.55037,0.56186,0.58253,0.58332,0.78281,0.79164,0.97371,0.85614,0.515,0.518,0.59883,0.66513,0.79147,0.26429,0.44317,0.71304,0.80094,0.66366,0.66953,0.85252,0.56873,0.69932,0.79388,0.27012,0.52133,0.72352,0.80675,0.69069,0.65288,0.82843,0.561388,0.749742,0.561388,0.749742,-0.18835400000000002,-0.18835400000000002
block,block_bw4,thesis_mask_block_bw4,block_bw4/transformerXL,standard,block,4,0.75,masks/Block/thesis_mask_block_bw4/block_bw4/transformerXL,masks,Block,thesis_mask_block_bw4,block_bw4/transformerXL,transformerXL,Block/thesis_mask_block_bw4/block_bw4/transformerXL,1,1,1,1,0.00577,0.00927,0.07509,44.3195,0.98773,0.99949,0.00092,0.52505,0.00178,0.049,0.46549,0.46608,0.73014,0.72722,0.4988,0.49913,0.50804,0.50891,0.841,0.8396,0.89673,0.89971,0.9478,0.98881,0.91758,0.4223,0.42696,0.6717,0.67259,0.44581,0.44197,0.47268,0.46294,0.73844,0.73206,0.97195,0.84134,0.465,0.466,0.53237,0.52816,0.76046,0.76444,0.59627,0.59897,0.58012,0.5816,0.86579,0.86668,0.90358,0.90198,0.95253,0.98932,0.92567,0.48017,0.48856,0.70299,0.7195,0.50893,0.52995,0.54519,0.55722,0.75301,0.7657,0.97167,0.85271,0.532,0.528,0.62705,0.64201,0.8153,0.25065,0.49027,0.69355,0.79194,0.67949,0.65036,0.78856,0.63525,0.67094,0.80399,0.25995,0.4815,0.71147,0.82164,0.67988,0.67012,0.82755,0.5701620000000001,0.7422960000000001,0.5701620000000001,0.7422960000000001,-0.172134,-0.172134
block,block_bw5,thesis_mask_block_bw5,block_bw5/transformerXL,standard,block,5,0.75,masks/Block/thesis_mask_block_bw5/block_bw5/transformerXL,masks,Block,thesis_mask_block_bw5,block_bw5/transformerXL,transformerXL,Block/thesis_mask_block_bw5/block_bw5/transformerXL,1,1,1,1,0.0058,0.00953,0.07619,44.1982,0.9875,0.99954,0.00085,0.47342,0.00163,0.05006,0.4643,0.46457,0.73026,0.72669,0.50059,0.50419,0.50728,0.50926,0.84179,0.83918,0.89673,0.89971,0.94741,0.98877,0.91718,0.42136,0.42675,0.67225,0.67172,0.44534,0.44239,0.47373,0.46292,0.73832,0.73177,0.97203,0.84171,0.464,0.465,0.52479,0.52489,0.76105,0.76178,0.58731,0.58989,0.57475,0.57568,0.86336,0.86588,0.90058,0.90351,0.95093,0.99018,0.92829,0.47949,0.4923,0.69562,0.71232,0.5012,0.52014,0.53253,0.54913,0.74182,0.74875,0.96906,0.84921,0.525,0.525,0.60332,0.64602,0.78652,0.24837,0.48646,0.71579,0.85478,0.69447,0.66701,0.81465,0.62328,0.66662,0.78371,0.25409,0.51912,0.73542,0.82193,0.67201,0.6723,0.78736,0.5705,0.736668,0.5705,0.736668,-0.16616799999999998,-0.16616799999999998
block,block_bw64,thesis_mask_block_bw64,block_bw64/transformerXL,standard,block,64,0.75,masks/Block/thesis_mask_block_bw64/block_bw64/transformerXL,masks,Block,thesis_mask_block_bw64,block_bw64/transformerXL,transformerXL,Block/thesis_mask_block_bw64/block_bw64/transformerXL,1,1,1,1,0.0054,0.00509,0.05594,47.96655,0.99445,0.99975,0.00036,0.17133,0.00035,0.0144,0.40904,0.33626,0.66173,0.5855,0.38849,0.20491,0.41377,0.2992,0.73498,0.51283,0.85774,0.86079,0.90389,0.9839,0.88204,0.37098,0.31327,0.59747,0.51375,0.35022,0.20406,0.38698,0.27362,0.67057,0.46913,0.96434,0.79592,0.409,0.336,0.5213,0.51718,0.76143,0.76178,0.58898,0.59063,0.58874,0.58761,0.8609,0.86551,0.90275,0.90417,0.95387,0.98924,0.91847,0.47476,0.49948,0.71917,0.73162,0.54936,0.56325,0.57163,0.58503,0.78389,0.79776,0.97518,0.86128,0.521,0.517,0.51862,0.68625,0.80222,0.2755,0.49842,0.69287,0.78961,0.64172,0.65648,0.78877,0.5889,0.70886,0.80338,0.27136,0.53261,0.72148,0.80278,0.70032,0.65278,0.81411,0.569806,0.7495100000000001,0.569806,0.7495100000000001,-0.17970400000000009,-0.17970400000000009
block,block_bw8,thesis_mask_block_bw8,block_bw8/transformerXL,standard,block,8,0.75,masks/Block/thesis_mask_block_bw8/block_bw8/transformerXL,masks,Block,thesis_mask_block_bw8,block_bw8/transformerXL,transformerXL,Block/thesis_mask_block_bw8/block_bw8/transformerXL,1,1,1,1,0.00579,0.00929,0.07537,44.28857,0.98776,0.99961,0.00073,0.3926,0.00153,0.04968,0.46572,0.46481,0.73054,0.72641,0.50075,0.50046,0.50621,0.51033,0.84045,0.8395,0.89673,0.89971,0.94755,0.98878,0.91716,0.42137,0.42616,0.67205,0.67148,0.447,0.44086,0.47459,0.46216,0.73862,0.73142,0.97206,0.84182,0.466,0.465,0.52799,0.52691,0.76384,0.76607,0.57166,0.57668,0.57035,0.57435,0.86533,0.86623,0.9019,0.90298,0.95082,0.99038,0.92853,0.4799,0.48381,0.7036,0.71105,0.50863,0.52191,0.53575,0.54371,0.74455,0.75538,0.9711,0.85225,0.528,0.527,0.60652,0.63714,0.77686,0.25419,0.48162,0.7511,0.82251,0.67702,0.6574,0.82156,0.61986,0.66213,0.7858,0.25346,0.48035,0.75062,0.8429,0.67257,0.66598,0.82952,0.5610900000000001,0.751548,0.5610900000000001,0.751548,-0.1904579999999999,-0.1904579999999999
block,block_bw10,thesis_mask_block_w10,block/transformerXL,standard,block,10,0.75,masks/Block/thesis_mask_block_w10/block/transformerXL,masks,Block,thesis_mask_block_w10,block/transformerXL,transformerXL,Block/thesis_mask_block_w10/block/transformerXL,1,1,1,1,0.01401,0.02356,0.12005,40.64698,0.97519,0.99922,0.00145,0.61437,0.00797,0.12945,0.46544,0.46798,0.7297,0.72419,0.50474,0.49913,0.5124,0.50995,0.84217,0.84008,0.89673,0.89971,0.94893,0.98884,0.91772,0.42356,0.42794,0.66875,0.6686,0.42448,0.42642,0.46556,0.45791,0.73239,0.72664,0.9716,0.83944,0.465,0.468,0.53107,0.52847,0.76696,0.76768,0.60405,0.60494,0.59299,0.59121,0.86943,0.8711,0.90271,0.90621,0.95413,0.98921,0.92269,0.4996,0.50785,0.72457,0.72776,0.55264,0.5641,0.56029,0.58602,0.781,0.77562,0.97302,0.86469,0.531,0.528,0.59992,0.72494,0.78944,0.26438,0.51083,0.76729,0.79503,0.72096,0.66081,0.79778,0.6131,0.68518,0.81217,0.28245,0.53193,0.71253,0.81864,0.70406,0.68047,0.83073,0.584024,0.7502280000000001,0.584024,0.7502280000000001,-0.16620400000000013,-0.16620400000000013
block,block_bw4,thesis_mr_040,block_bw4/transformerXL,standard,block,4,0.4,masks/Block/thesis_mr_040/block_bw4/transformerXL,masks,Block,thesis_mr_040,block_bw4/transformerXL,transformerXL,Block/thesis_mr_040/block_bw4/transformerXL,1,1,1,1,0.00586,0.00932,0.07528,44.31358,0.98781,0.99977,0.00044,0.28566,0.00168,0.04922,0.466,0.46543,0.72927,0.72593,0.49907,0.49988,0.50727,0.50654,0.84081,0.83971,0.89673,0.89971,0.94758,0.98881,0.91737,0.42307,0.4263,0.67132,0.67125,0.44076,0.44069,0.47036,0.46373,0.73671,0.73115,0.97182,0.84084,0.466,0.465,0.52739,0.52849,0.76264,0.7665,0.58999,0.58795,0.58328,0.58205,0.86679,0.86892,0.90296,0.90657,0.9532,0.98946,0.92647,0.48142,0.48741,0.70389,0.71402,0.51629,0.51996,0.53648,0.55158,0.74142,0.76145,0.97114,0.85137,0.527,0.528,0.6021,0.64889,0.79518,0.2643,0.48981,0.66971,0.84677,0.67825,0.66916,0.8048,0.62575,0.66425,0.80376,0.26794,0.47561,0.70047,0.8353,0.68969,0.67008,0.82351,0.568628,0.7426440000000001,0.568628,0.7426440000000001,-0.17401600000000006,-0.17401600000000006
block,block_bw4,thesis_mr_060,block_bw4/transformerXL,standard,block,4,0.6,masks/Block/thesis_mr_060/block_bw4/transformerXL,masks,Block,thesis_mr_060,block_bw4/transformerXL,transformerXL,Block/thesis_mr_060/block_bw4/transformerXL,1,1,1,1,0.0058,0.00933,0.07529,44.30148,0.98773,0.99962,0.00072,0.427,0.00176,0.04993,0.46562,0.46493,0.72932,0.72573,0.49757,0.50289,0.50732,0.50912,0.8407,0.84049,0.89673,0.89971,0.94738,0.9888,0.91751,0.42243,0.42645,0.67209,0.67197,0.44665,0.44412,0.4743,0.46377,0.73881,0.73283,0.972,0.84145,0.466,0.465,0.52067,0.52394,0.76632,0.76228,0.57852,0.57436,0.57634,0.57358,0.86753,0.86559,0.90286,0.90351,0.95241,0.99021,0.92791,0.47959,0.48206,0.70969,0.71277,0.5338,0.50304,0.57006,0.52957,0.75293,0.74945,0.97161,0.85594,0.521,0.524,0.5997,0.67897,0.77418,0.25533,0.45499,0.78556,0.8192,0.69977,0.66009,0.85478,0.62586,0.66832,0.79021,0.24721,0.47901,0.74133,0.83256,0.67362,0.66253,0.82795,0.560964,0.748756,0.560964,0.748756,-0.18779199999999996,-0.18779199999999996
block,block_bw4,thesis_mr_075,block_bw4/transformerXL,standard,block,4,0.75,masks/Block/thesis_mr_075/block_bw4/transformerXL,masks,Block,thesis_mr_075,block_bw4/transformerXL,transformerXL,Block/thesis_mr_075/block_bw4/transformerXL,1,1,1,1,0.00577,0.00926,0.07506,44.32772,0.98777,0.9995,0.00093,0.51818,0.00175,0.04954,0.46578,0.46603,0.73026,0.7273,0.49723,0.49858,0.50756,0.50896,0.84088,0.84015,0.89673,0.89971,0.9477,0.98879,0.91742,0.42259,0.42716,0.67191,0.67268,0.44831,0.44285,0.47404,0.46455,0.73866,0.73198,0.97191,0.84126,0.466,0.466,0.52733,0.52493,0.76679,0.7688,0.58345,0.59065,0.58067,0.58499,0.86185,0.86789,0.90377,0.902,0.95455,0.98923,0.92314,0.48727,0.48404,0.71178,0.72102,0.49194,0.52182,0.53023,0.55193,0.74055,0.76271,0.97305,0.86242,0.527,0.525,0.62033,0.69288,0.7713,0.26064,0.47593,0.7636,0.82097,0.66874,0.65528,0.82594,0.62517,0.66878,0.79632,0.25558,0.47881,0.71592,0.80803,0.66121,0.67259,0.83382,0.5656939999999999,0.737552,0.5656939999999999,0.737552,-0.17185800000000007,-0.17185800000000007
block,block_bw4,thesis_mr_085,block_bw4/transformerXL,standard,block,4,0.85,masks/Block/thesis_mr_085/block_bw4/transformerXL,masks,Block,thesis_mr_085,block_bw4/transformerXL,transformerXL,Block/thesis_mr_085/block_bw4/transformerXL,1,1,1,1,0.00574,0.00925,0.07492,44.3429,0.98773,0.99941,0.00107,0.58478,0.00191,0.05258,0.46598,0.46609,0.73031,0.72673,0.50096,0.49872,0.50836,0.50907,0.84116,0.83924,0.89673,0.89971,0.9476,0.98879,0.91722,0.42187,0.4274,0.67127,0.67176,0.44435,0.44267,0.4736,0.46425,0.73843,0.73178,0.97196,0.84135,0.466,0.466,0.52523,0.52551,0.77596,0.7771,0.56809,0.57021,0.57309,0.57146,0.86397,0.86979,0.90297,0.90513,0.95259,0.98934,0.92533,0.47768,0.4905,0.70339,0.7162,0.51293,0.51937,0.54096,0.53925,0.74678,0.76224,0.97161,0.85282,0.525,0.526,0.58504,0.62255,0.78277,0.26574,0.48349,0.68238,0.84198,0.69476,0.66818,0.78629,0.64063,0.67329,0.79375,0.25606,0.48557,0.73056,0.84151,0.68959,0.67344,0.78906,0.56989,0.744802,0.56989,0.744802,-0.17491199999999996,-0.17491199999999996
block,block_bw4,thesis_mr_090,block_bw4/transformerXL,standard,block,4,0.9,masks/Block/thesis_mr_090/block_bw4/transformerXL,masks,Block,thesis_mr_090,block_bw4/transformerXL,transformerXL,Block/thesis_mr_090/block_bw4/transformerXL,1,1,1,1,0.00572,0.00923,0.07493,44.34861,0.98783,0.99937,0.00112,0.60927,0.00174,0.04958,0.46645,0.46633,0.72989,0.72662,0.49899,0.50191,0.50869,0.51014,0.84121,0.83969,0.89673,0.89971,0.94732,0.98878,0.91736,0.42303,0.42725,0.67222,0.6717,0.44795,0.4438,0.47508,0.46355,0.73935,0.73246,0.97214,0.84194,0.466,0.466,0.53338,0.52437,0.76415,0.76579,0.58311,0.58333,0.58496,0.5795,0.8646,0.86598,0.90492,0.90304,0.95189,0.98913,0.92374,0.48917,0.48539,0.70657,0.71683,0.50359,0.53517,0.53696,0.55547,0.74559,0.7706,0.97178,0.85619,0.533,0.524,0.62694,0.67173,0.76759,0.25968,0.48964,0.78229,0.79637,0.67263,0.6565,0.81861,0.6391,0.65987,0.80517,0.26173,0.48259,0.68626,0.81952,0.66552,0.66593,0.82862,0.570904,0.731958,0.570904,0.731958,-0.16105400000000003,-0.16105400000000003
block,block_bw4,thesis_mr_095,block_bw4/transformerXL,standard,block,4,0.95,masks/Block/thesis_mr_095/block_bw4/transformerXL,masks,Block,thesis_mr_095,block_bw4/transformerXL,transformerXL,Block/thesis_mr_095/block_bw4/transformerXL,1,1,1,1,0.00573,0.00926,0.07501,44.33767,0.98778,0.99933,0.00121,0.62762,0.00184,0.05102,0.46635,0.46638,0.73047,0.72683,0.49799,0.49823,0.51008,0.50921,0.84029,0.83936,0.89673,0.89971,0.94763,0.9888,0.91754,0.42115,0.42624,0.67218,0.67265,0.44327,0.44174,0.47159,0.463,0.7385,0.73174,0.97199,0.84141,0.466,0.466,0.52675,0.52239,0.76498,0.76979,0.5791,0.57956,0.57806,0.57949,0.86782,0.86846,0.9035,0.90757,0.95141,0.98927,0.92606,0.49347,0.48898,0.71023,0.71998,0.51031,0.53167,0.53989,0.5562,0.75087,0.76926,0.97337,0.86034,0.527,0.522,0.64569,0.69911,0.785,0.25981,0.48731,0.76444,0.79084,0.67685,0.66064,0.81209,0.64636,0.65714,0.80268,0.26082,0.49048,0.68834,0.81577,0.67827,0.67094,0.81296,0.574256,0.7304959999999999,0.574256,0.7304959999999999,-0.15623999999999993,-0.15623999999999993
block,block_bw12,transformerXL,,standard,block,12,0.75,masks/Block/transformerXL,masks,Block,transformerXL,,transformerXL,Block/transformerXL,1,1,1,1,0.00503,0.00473,0.05389,48.27375,0.99475,0.99968,0.00055,0.3075,0.00039,0.01265,0.41346,0.34114,0.66557,0.58856,0.3919,0.21005,0.41375,0.30379,0.73796,0.51933,0.85774,0.86079,0.90497,0.98402,0.88322,0.37199,0.31615,0.59954,0.51821,0.35218,0.20457,0.38797,0.27727,0.67304,0.47059,0.96465,0.79707,0.413,0.341,0.51834,0.52197,0.76216,0.76242,0.59161,0.58671,0.59234,0.58836,0.86226,0.86537,0.90631,0.90356,0.95162,0.98908,0.91812,0.47838,0.49943,0.71855,0.73012,0.54547,0.56526,0.57309,0.58636,0.79512,0.79615,0.97471,0.86311,0.518,0.522,0.49748,0.69463,0.80943,0.28121,0.51684,0.68687,0.80418,0.67052,0.65572,0.80989,0.57864,0.71843,0.7981,0.27348,0.53297,0.7146,0.79932,0.70489,0.65495,0.81583,0.567628,0.750614,0.567628,0.750614,-0.18298599999999998,-0.18298599999999998
block,block_bw16,passt_cnn_pt1_dmv_bw16_e10_ft1_ft2,dmv_bw16_e10/transformerXL,standard,block,16,0.75,masks/DMV/passt_cnn_pt1_dmv_bw16_e10_ft1_ft2/dmv_bw16_e10/transformerXL,masks,DMV,passt_cnn_pt1_dmv_bw16_e10_ft1_ft2,dmv_bw16_e10/transformerXL,transformerXL,DMV/passt_cnn_pt1_dmv_bw16_e10_ft1_ft2/dmv_bw16_e10/transformerXL,1,1,1,1,0.01051,0.01798,0.10459,42.61776,0.98394,0.99469,0.00745,1.59365,0.00279,0.06077,0.4815,0.47997,0.73142,0.72452,0.499,0.49582,0.50961,0.50806,0.84163,0.83919,0.89287,0.89938,0.94522,0.98884,0.91948,0.43249,0.4317,0.66474,0.65617,0.40384,0.38957,0.45429,0.43989,0.71216,0.70758,0.97073,0.83974,0.481,0.48,0.52411,0.52854,0.77047,0.77284,0.58967,0.58976,0.58302,0.58077,0.87395,0.87135,0.90643,0.90568,0.95704,0.98937,0.9221,0.48199,0.49805,0.70157,0.70927,0.53587,0.54003,0.55696,0.5587,0.76513,0.77362,0.97483,0.85842,0.524,0.529,0.6232,0.65851,0.77253,0.2473,0.46727,0.80724,0.82918,0.67811,0.67436,0.80979,0.6318,0.67652,0.79516,0.24513,0.52733,0.83518,0.81354,0.70757,0.66893,0.79775,0.57367,0.766112,0.57367,0.766112,-0.192442,-0.192442
block,block_bw16,passt_cnn_pt1_dmv_bw16_e20_ft1_ft2_v1,dmv_bw16_e20/transformerXL,standard,block,16,0.75,masks/DMV/passt_cnn_pt1_dmv_bw16_e20_ft1_ft2_v1/dmv_bw16_e20/transformerXL,masks,DMV,passt_cnn_pt1_dmv_bw16_e20_ft1_ft2_v1,dmv_bw16_e20/transformerXL,transformerXL,DMV/passt_cnn_pt1_dmv_bw16_e20_ft1_ft2_v1/dmv_bw16_e20/transformerXL,1,1,1,1,0.00261,0.00413,0.04999,48.63987,0.9955,0.99852,0.00231,0.67805,0.00085,0.02572,0.47754,0.47807,0.73086,0.7235,0.49591,0.49211,0.50623,0.50141,0.84127,0.83922,0.89287,0.89938,0.94538,0.98893,0.91918,0.43198,0.4323,0.6628,0.65404,0.39609,0.37874,0.44583,0.43487,0.70891,0.70402,0.97082,0.83946,0.478,0.478,0.52618,0.52571,0.76601,0.76126,0.59696,0.58909,0.57753,0.57715,0.8656,0.86758,0.89994,0.90153,0.9545,0.98907,0.92147,0.49504,0.49045,0.69875,0.70748,0.4947,0.5261,0.53049,0.548,0.75389,0.76278,0.97111,0.84872,0.526,0.526,0.6455,0.63603,0.78858,0.24824,0.53627,0.77647,0.78686,0.70106,0.66431,0.77097,0.64973,0.6323,0.80028,0.24597,0.51209,0.8415,0.7988,0.68365,0.66675,0.79184,0.574964,0.749618,0.574964,0.749618,-0.17465399999999998,-0.17465399999999998
dwm,dwm_mel,passt_cnn_pt1_ft1_ft2_dwm_mel_no_dataparallel,dwm_mel/transformerXL,dwm,,,0.75,masks/DWM/passt_cnn_pt1_ft1_ft2_dwm_mel_no_dataparallel/dwm_mel/transformerXL,masks,DWM,passt_cnn_pt1_ft1_ft2_dwm_mel_no_dataparallel,dwm_mel/transformerXL,transformerXL,DWM/passt_cnn_pt1_ft1_ft2_dwm_mel_no_dataparallel/dwm_mel/transformerXL,1,1,1,1,0.0058,0.00596,0.06003,47.18901,0.99343,0.99814,0.00286,0.88802,0.00107,0.02316,0.4114,0.34202,0.6667,0.59355,0.38066,0.19387,0.41797,0.29403,0.73531,0.47681,0.85846,0.86079,0.90251,0.98394,0.88202,0.37254,0.3107,0.59763,0.51673,0.34772,0.18949,0.38415,0.26732,0.66601,0.43686,0.96396,0.79349,0.411,0.342,0.52614,0.52121,0.76575,0.76021,0.5988,0.60169,0.59607,0.5922,0.8572,0.86409,0.89887,0.90286,0.95136,0.98908,0.91855,0.48088,0.46784,0.72377,0.72765,0.53837,0.5421,0.5659,0.56789,0.77885,0.79208,0.97402,0.85917,0.526,0.521,0.57803,0.67441,0.8009,0.27029,0.48489,0.65816,0.80122,0.70376,0.65518,0.8133,0.57854,0.68299,0.79085,0.27758,0.42131,0.65388,0.80587,0.68534,0.6495,0.82995,0.543556,0.731606,0.543556,0.731606,-0.18804999999999994,-0.18804999999999994
dwm,dwm_token,passt_cnn_pt1_ft1_ft2_dwm_token,dwm_token/transformerXL,dwm,,,0.75,masks/DWM/passt_cnn_pt1_ft1_ft2_dwm_token/dwm_token/transformerXL,masks,DWM,passt_cnn_pt1_ft1_ft2_dwm_token,dwm_token/transformerXL,transformerXL,DWM/passt_cnn_pt1_ft1_ft2_dwm_token/dwm_token/transformerXL,1,1,1,1,0.00576,0.00562,0.05805,47.46062,0.99331,0.99802,0.00279,0.75194,0.00067,0.02067,0.40837,0.33538,0.66712,0.59647,0.38064,0.20124,0.4139,0.29663,0.73563,0.4861,0.85846,0.86079,0.90185,0.98398,0.88293,0.36886,0.30615,0.59749,0.51296,0.34269,0.18936,0.38291,0.26348,0.66779,0.44417,0.96412,0.79429,0.408,0.335,0.52134,0.52158,0.76596,0.76307,0.58473,0.58732,0.58537,0.58811,0.86154,0.86393,0.90043,0.90115,0.9531,0.98923,0.91856,0.47367,0.4723,0.72792,0.73063,0.53815,0.53331,0.57084,0.5713,0.79034,0.78847,0.97637,0.86242,0.521,0.522,0.5532,0.6549,0.79319,0.28863,0.44083,0.67059,0.80179,0.71134,0.65824,0.81289,0.56331,0.65972,0.79745,0.27939,0.43509,0.66584,0.80734,0.70882,0.66963,0.81335,0.548974,0.7310139999999998,0.548974,0.7310139999999998,-0.18203999999999987,-0.18203999999999987
EA-x,passt_cnn_ft1_sandwich_pt1_eaxpp_deriv_bw16_ft2,passt_cnn_ft1_sandwich_pt1_eaxpp_deriv_bw16_ft2,eaxpp_deriv_bw16/transformerXL,event_union_tem,,,0.75,masks/EA/passt_cnn_ft1_sandwich_pt1_eaxpp_deriv_bw16_ft2/eaxpp_deriv_bw16/transformerXL,masks,EA,passt_cnn_ft1_sandwich_pt1_eaxpp_deriv_bw16_ft2,eaxpp_deriv_bw16/transformerXL,transformerXL,EA/passt_cnn_ft1_sandwich_pt1_eaxpp_deriv_bw16_ft2/eaxpp_deriv_bw16/transformerXL,1,1,1,1,0.01378,0.01101,0.08195,42.94601,0.98663,0.99591,0.00599,1.81207,0.00146,0.055,0.46928,0.47457,0.73576,0.73046,0.51495,0.52328,0.51088,0.51241,0.84918,0.84641,0.89806,0.89852,0.94478,0.98865,0.91825,0.41374,0.41926,0.66664,0.66783,0.44793,0.45755,0.48108,0.48103,0.72794,0.72717,0.97289,0.84138,0.469,0.475,0.49431,0.49959,0.75163,0.75708,0.57467,0.56098,0.56062,0.56193,0.85807,0.86739,0.89804,0.90337,0.94684,0.98838,0.91573,,,,,,,,,,,,,,,,,,,,,,,,,,,,,,,,,,,,,,,,
EA-x,passt_cnn_ft1_sandwich_pt1_eaxpp_deriv_bw16_seed42_ft2,passt_cnn_ft1_sandwich_pt1_eaxpp_deriv_bw16_seed42_ft2,eaxpp_deriv_bw16/transformerXL,event_union_tem,,,0.75,masks/EA/passt_cnn_ft1_sandwich_pt1_eaxpp_deriv_bw16_seed42_ft2/eaxpp_deriv_bw16/transformerXL,masks,EA,passt_cnn_ft1_sandwich_pt1_eaxpp_deriv_bw16_seed42_ft2,eaxpp_deriv_bw16/transformerXL,transformerXL,EA/passt_cnn_ft1_sandwich_pt1_eaxpp_deriv_bw16_seed42_ft2/eaxpp_deriv_bw16/transformerXL,1,1,1,1,0.01317,0.01045,0.07978,43.79772,0.9881,0.9962,0.0055,1.67301,0.00163,0.05082,0.4755,0.47245,0.74542,0.73532,0.52781,0.52757,0.51914,0.51775,0.84474,0.84149,0.89427,0.89924,0.94664,0.98833,0.91785,0.42674,0.42048,0.66725,0.67364,0.40791,0.4394,0.43991,0.46581,0.67558,0.7315,0.9684,0.8296,0.475,0.472,0.51116,0.49519,0.76096,0.76571,0.54445,0.5624,0.54094,0.55439,0.84751,0.86239,0.89385,0.89917,0.94926,0.98835,0.91785,,,,,,,,,,,,,,,,,,,,,,,,,,,,,,,,,,,,,,,,
EA-x,passt_cnn_pt1_eax_bw16_bg005_ft1_ft2,passt_cnn_pt1_eax_bw16_bg005_ft1_ft2,eax_bw16_bg005/transformerXL,event_union_tem,,,0.75,masks/EA/passt_cnn_pt1_eax_bw16_bg005_ft1_ft2/eax_bw16_bg005/transformerXL,masks,EA,passt_cnn_pt1_eax_bw16_bg005_ft1_ft2,eax_bw16_bg005/transformerXL,transformerXL,EA/passt_cnn_pt1_eax_bw16_bg005_ft1_ft2/eax_bw16_bg005/transformerXL,1,1,0,0,0.02016,0.02993,0.13468,41.10333,0.97549,0.99935,0.00159,0.97831,0.00784,0.10285,,,,,,,,,,,,,,,,,,,,,,,,,,,,,,,,,,,,,,,,,,,,,,,,,,,,,,,,,,,,,,,,,,,,,,,,,,,,,,,,,,,,
EA-x,passt_cnn_pt1_eax_bw16_ft1_ft2,passt_cnn_pt1_eax_bw16_ft1_ft2,eax_bw16/transformerXL,event_union_tem,,,0.75,masks/EA/passt_cnn_pt1_eax_bw16_ft1_ft2/eax_bw16/transformerXL,masks,EA,passt_cnn_pt1_eax_bw16_ft1_ft2,eax_bw16/transformerXL,transformerXL,EA/passt_cnn_pt1_eax_bw16_ft1_ft2/eax_bw16/transformerXL,1,1,1,1,0.02168,0.032,0.13913,40.52906,0.97337,0.99947,0.00131,0.76906,0.00897,0.11406,0.47278,0.47543,0.73307,0.72618,0.49633,0.49221,0.51218,0.5117,0.84119,0.83993,0.89515,0.89653,0.94812,0.98904,0.91739,0.42801,0.42963,0.67237,0.66925,0.42851,0.42713,0.46731,0.46095,0.72625,0.72568,0.97281,0.84267,0.473,0.475,0.52257,0.53189,0.77058,0.76957,0.60509,0.60913,0.58951,0.59252,0.86453,0.86508,0.89311,0.89896,0.95401,0.98935,0.91992,0.47501,0.49831,0.71989,0.7219,0.5462,0.53303,0.56863,0.55001,0.76405,0.76196,0.9723,0.85886,0.523,0.532,0.57726,0.59753,0.7784,0.25953,0.48797,0.7492,0.8302,0.68871,0.66644,0.8238,0.64527,0.64337,0.78567,0.26218,0.53387,0.8069,0.80785,0.67731,0.65777,0.79731,0.576952,0.746548,0.576952,0.746548,-0.16959599999999997,-0.16959599999999997
EA-x,passt_cnn_pt1_eax_bw16_peri_silence_ft1_ft2,passt_cnn_pt1_eax_bw16_peri_silence_ft1_ft2,eax_bw16_peri_silence/transformerXL,event_union_tem,,,0.75,masks/EA/passt_cnn_pt1_eax_bw16_peri_silence_ft1_ft2/eax_bw16_peri_silence/transformerXL,masks,EA,passt_cnn_pt1_eax_bw16_peri_silence_ft1_ft2,eax_bw16_peri_silence/transformerXL,transformerXL,EA/passt_cnn_pt1_eax_bw16_peri_silence_ft1_ft2/eax_bw16_peri_silence/transformerXL,1,1,1,1,0.01878,0.02185,0.11566,41.55852,0.97831,0.99918,0.00183,1.06546,0.00292,0.06879,0.4639,0.46776,0.73324,0.72702,0.49793,0.49545,0.50995,0.50996,0.84156,0.83903,0.89429,0.89642,0.94738,0.98862,0.91642,0.4164,0.42536,0.65567,0.67131,0.4246,0.44544,0.46792,0.4815,0.72827,0.73054,0.97141,0.8324,0.464,0.468,0.51149,0.51128,0.76854,0.76372,0.59616,0.59737,0.58325,0.5928,0.87013,0.86931,0.90354,0.90329,0.95196,0.98886,0.91933,0.45729,0.47949,0.72678,0.72536,0.52922,0.55674,0.56884,0.58073,0.77745,0.78009,0.97623,0.86318,0.511,0.511,0.5351,0.69403,0.78947,0.24944,0.42051,0.75898,0.81205,0.64035,0.66058,0.77761,0.60802,0.65781,0.80063,0.24988,0.47756,0.74067,0.79561,0.69094,0.65169,0.80107,0.5575559999999999,0.73722,0.5575559999999999,0.73722,-0.17966400000000005,-0.17966400000000005
EA-x,passt_cnn_pt1_eax_bw4_ft1_ft2,passt_cnn_pt1_eax_bw4_ft1_ft2,eax_bw4/transformerXL,event_union_tem,,,0.75,masks/EA/passt_cnn_pt1_eax_bw4_ft1_ft2/eax_bw4/transformerXL,masks,EA,passt_cnn_pt1_eax_bw4_ft1_ft2,eax_bw4/transformerXL,transformerXL,EA/passt_cnn_pt1_eax_bw4_ft1_ft2/eax_bw4/transformerXL,1,1,1,1,0.02157,0.02204,0.11601,41.65964,0.981,0.99946,0.00135,0.76567,0.00457,0.06482,0.46554,0.47145,0.73231,0.725,0.50697,0.49796,0.51311,0.51056,0.84299,0.84212,0.89449,0.89728,0.94787,0.98872,0.91591,0.41541,0.42324,0.67212,0.6707,0.431,0.43119,0.47034,0.46515,0.72381,0.72764,0.97167,0.8385,0.466,0.471,0.5273,0.526,0.77452,0.76961,0.61005,0.61084,0.59206,0.59428,0.86891,0.87081,0.89965,0.90143,0.95179,0.98978,0.92302,0.47143,0.49901,0.7248,0.73446,0.5325,0.57273,0.56455,0.58145,0.75395,0.78062,0.97458,0.8602,0.527,0.526,0.6099,0.64932,0.76129,0.25333,0.43471,0.71369,0.83605,0.70355,0.66861,0.81461,0.64374,0.70411,0.76126,0.27555,0.4737,0.80402,0.83236,0.69325,0.66221,0.82782,0.563292,0.772312,0.563292,0.772312,-0.20901999999999998,-0.20901999999999998
EA,passt_cnn_pt1_event_aware_bw16_unified_ft1_ft2,passt_cnn_pt1_event_aware_bw16_unified_ft1_ft2,event_aware_bw16_unified/transformerXL,event_aware,,16,0.75,masks/EA/passt_cnn_pt1_event_aware_bw16_unified_ft1_ft2/event_aware_bw16_unified/transformerXL,masks,EA,passt_cnn_pt1_event_aware_bw16_unified_ft1_ft2,event_aware_bw16_unified/transformerXL,transformerXL,EA/passt_cnn_pt1_event_aware_bw16_unified_ft1_ft2/event_aware_bw16_unified/transformerXL,1,1,1,1,0.00636,0.00411,0.05025,48.65378,0.99549,0.9995,0.00083,0.45017,0.00067,0.01784,0.40917,0.33449,0.6637,0.58527,0.39157,0.19326,0.42128,0.29653,0.73817,0.49725,0.85673,0.86055,0.90297,0.98414,0.88253,0.37388,0.30677,0.59961,0.50839,0.33701,0.19803,0.38167,0.27601,0.66345,0.44563,0.96411,0.79355,0.409,0.334,0.52149,0.52568,0.76821,0.76283,0.59248,0.59491,0.59396,0.59599,0.87086,0.87005,0.90498,0.90591,0.95412,0.98907,0.92017,0.47375,0.48457,0.71215,0.72158,0.53847,0.5578,0.56563,0.57718,0.76268,0.79038,0.97422,0.86066,0.521,0.526,0.5695,0.62799,0.79638,0.2524,0.52446,0.6878,0.8591,0.66551,0.63848,0.82156,0.5823,0.696,0.79459,0.26905,0.48752,0.70974,0.81463,0.67691,0.65414,0.8629,0.55752,0.752036,0.55752,0.752036,-0.19451600000000002,-0.19451600000000002
EA,passt_cnn_pt1_event_aware_bw4_unified_ft1_ft2,passt_cnn_pt1_event_aware_bw4_unified_ft1_ft2,event_aware_bw4_unified/transformerXL,event_aware,,4,0.75,masks/EA/passt_cnn_pt1_event_aware_bw4_unified_ft1_ft2/event_aware_bw4_unified/transformerXL,masks,EA,passt_cnn_pt1_event_aware_bw4_unified_ft1_ft2,event_aware_bw4_unified/transformerXL,transformerXL,EA/passt_cnn_pt1_event_aware_bw4_unified_ft1_ft2/event_aware_bw4_unified/transformerXL,1,1,1,1,0.00604,0.00413,0.05039,48.65409,0.99551,0.99967,0.00069,0.4697,0.00084,0.01787,0.41296,0.33742,0.66222,0.58279,0.40093,0.19071,0.43077,0.29574,0.73968,0.48816,0.85673,0.86055,0.90153,0.98407,0.88105,0.37826,0.31602,0.6021,0.51185,0.33354,0.18452,0.37745,0.26497,0.66673,0.44353,0.96421,0.79519,0.413,0.337,0.5231,0.52148,0.76602,0.76483,0.60397,0.6027,0.59135,0.59191,0.86857,0.86685,0.90804,0.90544,0.9548,0.98908,0.92014,0.46809,0.49061,0.70949,0.72818,0.54075,0.56376,0.55907,0.57858,0.77557,0.79075,0.97452,0.86083,0.523,0.521,0.53291,0.659,0.79539,0.25801,0.46893,0.71673,0.81641,0.68395,0.64816,0.79564,0.59229,0.69096,0.78002,0.26458,0.50776,0.70738,0.8158,0.70108,0.65201,0.82047,0.559332,0.747138,0.559332,0.747138,-0.18780599999999992,-0.18780599999999992
block,block_bw4,passt_cnn_pt1_edm_ddm_cal_bw4,block_bw4/transformerXL,ddm_cal,block,4,0.75,masks/EDM/passt_cnn_pt1_edm_ddm_cal_bw4/block_bw4/transformerXL,masks,EDM,passt_cnn_pt1_edm_ddm_cal_bw4,block_bw4/transformerXL,transformerXL,EDM/passt_cnn_pt1_edm_ddm_cal_bw4/block_bw4/transformerXL,1,1,1,1,0.00513,0.00699,0.06482,46.49992,0.99249,0.99833,0.00264,0.73769,0.00089,0.0311,0.45285,0.45602,0.72176,0.71625,0.51375,0.5131,0.51347,0.50936,0.83909,0.83693,0.89453,0.89723,0.94482,0.98798,0.91027,0.40706,0.41096,0.64845,0.66398,0.44698,0.45356,0.4605,0.46953,0.72474,0.73305,0.9701,0.8253,0.453,0.456,0.52256,0.52133,0.7578,0.75944,0.5937,0.60189,0.59092,0.58993,0.86294,0.86584,0.90093,0.90086,0.95234,0.98868,0.9174,0.47857,0.48294,0.72979,0.73188,0.53722,0.5566,0.57392,0.57638,0.77124,0.77933,0.97488,0.8627,0.523,0.521,0.56497,0.6444,0.78143,0.29064,0.43574,0.75298,0.81588,0.68584,0.67374,0.82886,0.55852,0.64504,0.77827,0.28748,0.47154,0.72884,0.81176,0.70007,0.66387,0.82843,0.5519360000000001,0.742828,0.5519360000000001,0.742828,-0.19089199999999995,-0.19089199999999995
block,block_bw4,passt_cnn_pt1_edm_v1_ft1_ft2,block_bw4/transformerXL,event_deletion,block,4,0.75,masks/EDM/passt_cnn_pt1_edm_v1_ft1_ft2/block_bw4/transformerXL,masks,EDM,passt_cnn_pt1_edm_v1_ft1_ft2,block_bw4/transformerXL,transformerXL,EDM/passt_cnn_pt1_edm_v1_ft1_ft2/block_bw4/transformerXL,1,1,1,1,0.00516,0.007,0.0648,46.47584,0.99252,0.9984,0.00259,0.94122,0.00088,0.02954,0.45216,0.45393,0.71984,0.71545,0.50808,0.51279,0.51029,0.50763,0.84028,0.83813,0.89453,0.89723,0.94625,0.98798,0.91022,0.40655,0.41403,0.64703,0.66383,0.44116,0.45755,0.45686,0.47157,0.72218,0.73171,0.96987,0.82475,0.452,0.454,0.52729,0.52401,0.77094,0.76228,0.61187,0.60251,0.59706,0.5966,0.86946,0.86554,0.90223,0.9011,0.95431,0.98862,0.92075,0.48979,0.47313,0.71373,0.72269,0.56292,0.55734,0.59149,0.5867,0.79082,0.78553,0.97586,0.86384,0.527,0.524,0.6063,0.68023,0.77871,0.27402,0.47204,0.83994,0.78289,0.69046,0.65791,0.84653,0.6281,0.61998,0.79209,0.26844,0.42807,0.76614,0.79322,0.68701,0.65552,0.83356,0.5544439999999999,0.7399819999999999,0.5544439999999999,0.7399819999999999,-0.18553799999999998,-0.18553799999999998
hpm,hpm_baseline_ehmam_bw16,passt_cnn_mlm_hpm_baseline_ehmam_only,mlm_hpm_baseline_ehmam/transformerXL,standard,block,16,0.75,masks/HPM/passt_cnn_mlm_hpm_baseline_ehmam_only/mlm_hpm_baseline_ehmam/transformerXL,masks,HPM,passt_cnn_mlm_hpm_baseline_ehmam_only,mlm_hpm_baseline_ehmam/transformerXL,transformerXL,HPM/passt_cnn_mlm_hpm_baseline_ehmam_only/mlm_hpm_baseline_ehmam/transformerXL,1,1,1,1,0.00603,0.0055,0.05821,46.86775,0.99338,0.99963,0.00057,0.31163,0.00037,0.01218,0.46731,0.46868,0.73694,0.73041,0.50942,0.50888,0.50896,0.5137,0.84077,0.84135,0.89159,0.8998,0.94847,0.98885,0.9171,0.42342,0.4289,0.66595,0.6672,0.43784,0.438,0.47234,0.46635,0.72634,0.72596,0.97195,0.83976,0.467,0.469,0.51375,0.51586,0.7662,0.76341,0.5901,0.59087,0.58653,0.58849,0.86804,0.86675,0.90017,0.89981,0.9543,0.98954,0.91949,0.47552,0.48137,0.72148,0.72133,0.5181,0.54571,0.55296,0.56896,0.76289,0.77553,0.97468,0.86034,0.514,0.516,0.63904,0.68707,0.77829,0.26077,0.43571,0.66711,0.80562,0.70509,0.6379,0.83304,0.61956,0.7074,0.79046,0.26517,0.44907,0.68306,0.80592,0.673,0.66604,0.82913,0.55806,0.7397020000000001,0.55806,0.7397020000000001,-0.18164200000000008,-0.18164200000000008
hpm,hpm_source_blend050_bw16,passt_cnn_mlm_hpm_source_blend_050,mlm_hpm_source_blend_050/transformerXL,standard,block,16,0.75,masks/HPM/passt_cnn_mlm_hpm_source_blend_050/mlm_hpm_source_blend_050/transformerXL,masks,HPM,passt_cnn_mlm_hpm_source_blend_050,mlm_hpm_source_blend_050/transformerXL,transformerXL,HPM/passt_cnn_mlm_hpm_source_blend_050/mlm_hpm_source_blend_050/transformerXL,1,1,1,1,0.00612,0.00605,0.06117,46.48746,0.99224,0.99966,0.00055,0.30522,0.00206,0.04144,0.45282,0.45144,0.72252,0.72111,0.51228,0.51133,0.51235,0.50491,0.84087,0.8399,0.89395,0.89739,0.94538,0.98798,0.91143,0.40124,0.40618,0.64399,0.65793,0.42735,0.45452,0.45165,0.4697,0.72619,0.73124,0.96868,0.81913,0.453,0.451,0.51951,0.5225,0.76226,0.75597,0.60249,0.60662,0.59599,0.59821,0.86625,0.86896,0.90055,0.9042,0.9489,0.98884,0.91774,0.49031,0.48994,0.71667,0.72136,0.54455,0.54285,0.57875,0.57789,0.77658,0.77587,0.97384,0.8554,0.52,0.522,0.59192,0.67603,0.80111,0.27337,0.50842,0.69537,0.78431,0.69638,0.65406,0.82845,0.59236,0.68567,0.80903,0.28258,0.4898,0.69006,0.79085,0.67791,0.66066,0.82267,0.566886,0.7334319999999999,0.566886,0.7334319999999999,-0.16654599999999986,-0.16654599999999986
hpm,hpm_source_ema_bw16,passt_cnn_mlm_hpm_source_ema,mlm_hpm_source_ema/transformerXL,standard,block,16,0.75,masks/HPM/passt_cnn_mlm_hpm_source_ema/mlm_hpm_source_ema/transformerXL,masks,HPM,passt_cnn_mlm_hpm_source_ema,mlm_hpm_source_ema/transformerXL,transformerXL,HPM/passt_cnn_mlm_hpm_source_ema/mlm_hpm_source_ema/transformerXL,1,1,1,1,0.00575,0.00528,0.05691,47.12215,0.99362,0.99967,0.00051,0.28827,0.00077,0.02095,0.4618,0.46441,0.73323,0.73017,0.50211,0.50568,0.51275,0.50789,0.8412,0.84182,0.89225,0.89893,0.94808,0.98892,0.9175,0.40708,0.41464,0.66779,0.66742,0.44637,0.4455,0.47439,0.4661,0.72892,0.72701,0.9719,0.84064,0.462,0.464,0.52007,0.53337,0.76149,0.76145,0.58306,0.5849,0.58298,0.58384,0.86609,0.86303,0.90412,0.90119,0.95572,0.98927,0.92358,0.49765,0.50484,0.71327,0.71883,0.52308,0.52241,0.54939,0.54638,0.77622,0.76904,0.97161,0.85275,0.52,0.533,0.61957,0.65459,0.80363,0.27458,0.53639,0.67295,0.85013,0.71296,0.65293,0.79684,0.65503,0.66629,0.82258,0.27324,0.5306,0.70959,0.82616,0.70316,0.66081,0.80887,0.588452,0.7428140000000001,0.588452,0.7428140000000001,-0.1543620000000001,-0.1543620000000001
hpm,hpm_source_ema_bw16,passt_cnn_mlm_hpm_source_ema_bw4,block_bw4/transformerXL,standard,block,4,0.75,masks/HPM/passt_cnn_mlm_hpm_source_ema_bw4/block_bw4/transformerXL,masks,HPM,passt_cnn_mlm_hpm_source_ema_bw4,block_bw4/transformerXL,transformerXL,HPM/passt_cnn_mlm_hpm_source_ema_bw4/block_bw4/transformerXL,1,1,1,1,0.00493,0.0085,0.0714,46.61033,0.99035,0.99861,0.00219,0.82175,0.00085,0.02837,0.46222,0.46359,0.73163,0.7273,0.50413,0.50386,0.51256,0.50936,0.83892,0.83938,0.89107,0.89996,0.94675,0.98873,0.91614,0.41214,0.42016,0.66769,0.66808,0.43829,0.44095,0.47238,0.46954,0.72401,0.72546,0.97144,0.83829,0.462,0.464,0.51811,0.52211,0.75465,0.75882,0.60367,0.61161,0.58982,0.59213,0.86728,0.86979,0.9013,0.90476,0.95376,0.98912,0.91989,0.47068,0.48959,0.71825,0.72238,0.52105,0.55502,0.56066,0.57622,0.76052,0.76987,0.97314,0.85415,0.518,0.522,0.55548,0.64437,0.77148,0.27806,0.44634,0.75158,0.8025,0.64393,0.6554,0.8187,0.58245,0.66001,0.79696,0.271,0.50803,0.728,0.80131,0.6836,0.66323,0.83505,0.5643339999999999,0.7415939999999999,0.5643339999999999,0.7415939999999999,-0.17725999999999997,-0.17725999999999997
hpm,hpm_source_ema_bw16,passt_cnn_mlm_hpm_source_ema_bw4_mr035,block_bw4/transformerXL,standard,block,4,0.35,masks/HPM/passt_cnn_mlm_hpm_source_ema_bw4_mr035/block_bw4/transformerXL,masks,HPM,passt_cnn_mlm_hpm_source_ema_bw4_mr035,block_bw4/transformerXL,transformerXL,HPM/passt_cnn_mlm_hpm_source_ema_bw4_mr035/block_bw4/transformerXL,1,1,0,0,0.00496,0.00865,0.07192,46.54988,0.99003,0.99956,0.00083,0.54736,0.00129,0.02668,0.44515,0.43976,0.71577,0.69805,0.46795,0.43389,0.4833,0.46464,0.82522,0.80179,0.88991,0.89381,0.93839,0.98709,0.90511,,,,,,,,,,,,,,,,,,,,,,,,,,,,,,,,,,,,,,,,,,,,,,,,,,,,,,,,,,,,,,,,,,,,,
hpm,hpm_source_ema_bw16,passt_cnn_mlm_hpm_source_ema_exact_budget,block_bw16/transformerXL,standard,block,16,0.75,masks/HPM/passt_cnn_mlm_hpm_source_ema_exact_budget/block_bw16/transformerXL,masks,HPM,passt_cnn_mlm_hpm_source_ema_exact_budget,block_bw16/transformerXL,transformerXL,HPM/passt_cnn_mlm_hpm_source_ema_exact_budget/block_bw16/transformerXL,1,1,1,1,0.00489,0.00557,0.05889,48.15681,0.99432,0.99858,0.00222,0.76646,0.00175,0.03874,0.46237,0.46375,0.73434,0.73051,0.50841,0.50138,0.51335,0.5092,0.84121,0.84106,0.89594,0.89844,0.94679,0.98875,0.91606,0.42027,0.4123,0.66169,0.67113,0.41895,0.45411,0.45451,0.48044,0.71527,0.73183,0.96879,0.8301,0.462,0.464,0.52681,0.52818,0.76093,0.76266,0.60305,0.60136,0.59079,0.59203,0.86567,0.8675,0.90435,0.90092,0.95164,0.98902,0.91879,0.47967,0.48814,0.70976,0.72665,0.51344,0.55379,0.55468,0.57438,0.74878,0.77679,0.97248,0.84823,0.527,0.528,0.5686,0.60748,0.77165,0.26094,0.5288,0.66979,0.79579,0.70937,0.66171,0.85332,0.62457,0.68527,0.79722,0.25652,0.48943,0.71131,0.81399,0.68307,0.66242,0.85905,0.5660320000000001,0.7505379999999999,0.5660320000000001,0.7505379999999999,-0.18450599999999984,-0.18450599999999984
hpm,hpm_source_ema_bw16,passt_cnn_mlm_hpm_source_ema_inv_bw4,inverse_block_bw4/transformerXL,standard,inverse_block,4,0.75,masks/HPM/passt_cnn_mlm_hpm_source_ema_inv_bw4/inverse_block_bw4/transformerXL,masks,HPM,passt_cnn_mlm_hpm_source_ema_inv_bw4,inverse_block_bw4/transformerXL,transformerXL,HPM/passt_cnn_mlm_hpm_source_ema_inv_bw4/inverse_block_bw4/transformerXL,1,1,1,1,0.00499,0.00869,0.07201,46.50356,0.99023,0.99972,0.00054,0.392,0.00091,0.02766,0.46294,0.46502,0.73217,0.72721,0.50234,0.5011,0.51142,0.50688,0.83752,0.83847,0.89107,0.89996,0.94687,0.98877,0.91642,0.41489,0.42112,0.66811,0.6683,0.4377,0.44552,0.47132,0.46979,0.72328,0.72509,0.97157,0.83862,0.463,0.465,0.52877,0.52865,0.76115,0.76005,0.56307,0.56885,0.57078,0.57444,0.85979,0.86483,0.90513,0.90198,0.94946,0.98969,0.92558,0.47576,0.48121,0.70355,0.71055,0.47254,0.50053,0.52476,0.53597,0.73143,0.74126,0.97085,0.84514,0.529,0.529,0.63384,0.63194,0.77376,0.26521,0.46428,0.67009,0.80625,0.66834,0.6543,0.79939,0.64166,0.63814,0.79108,0.25886,0.49027,0.66923,0.81502,0.65853,0.66761,0.80779,0.569896,0.717742,0.569896,0.717742,-0.14784600000000003,-0.14784600000000003
hpm,hpm_source_ema_bw16,passt_cnn_mlm_hpm_source_ema_inv_bw4_mr050,inverse_block_bw4/transformerXL,standard,inverse_block,4,0.75,masks/HPM/passt_cnn_mlm_hpm_source_ema_inv_bw4_mr050/inverse_block_bw4/transformerXL,masks,HPM,passt_cnn_mlm_hpm_source_ema_inv_bw4_mr050,inverse_block_bw4/transformerXL,transformerXL,HPM/passt_cnn_mlm_hpm_source_ema_inv_bw4_mr050/inverse_block_bw4/transformerXL,1,1,0,0,0.00494,0.00871,0.07211,46.50524,0.9902,0.99927,0.0013,0.7111,0.00139,0.0262,0.44647,0.44119,0.7144,0.69813,0.471,0.434,0.48729,0.46492,0.82457,0.80144,0.88991,0.89381,0.93825,0.98714,0.90546,,,,,,,,,,,,,,,,,,,,,,,,,,,,,,,,,,,,,,,,,,,,,,,,,,,,,,,,,,,,,,,,,,,,,
other,passt_cnn_mlm_hier_block_curriculum_bw4_to_bw32/block_bw16/transformerXL,passt_cnn_mlm_hier_block_curriculum_bw4_to_bw32,block_bw16/transformerXL,standard,hier_block,16,0.75,masks/Hier Block/passt_cnn_mlm_hier_block_curriculum_bw4_to_bw32/block_bw16/transformerXL,masks,Hier Block,passt_cnn_mlm_hier_block_curriculum_bw4_to_bw32,block_bw16/transformerXL,transformerXL,Hier Block/passt_cnn_mlm_hier_block_curriculum_bw4_to_bw32/block_bw16/transformerXL,1,1,1,1,0.00517,0.00707,0.06493,47.02912,0.99282,0.99967,0.00051,0.28148,0.00108,0.03119,0.40951,0.33586,0.67059,0.59649,0.38297,0.21071,0.41077,0.30443,0.73973,0.5108,0.85837,0.86055,0.90562,0.98428,0.88395,0.3715,0.31724,0.60325,0.52162,0.3565,0.21167,0.3932,0.28658,0.67924,0.47295,0.96493,0.79778,0.41,0.336,0.52549,0.52183,0.7554,0.75778,0.60055,0.60314,0.59106,0.59141,0.86405,0.86434,0.90435,0.90328,0.95379,0.98898,0.91998,0.46958,0.49512,0.70634,0.71672,0.55785,0.56179,0.57348,0.57885,0.78484,0.79104,0.97192,0.85441,0.525,0.522,0.54669,0.65596,0.77944,0.25581,0.46704,0.75463,0.78457,0.6785,0.64826,0.81108,0.62816,0.65777,0.79677,0.27385,0.49327,0.75203,0.79334,0.69309,0.66737,0.82006,0.5718840000000001,0.743258,0.5718840000000001,0.743258,-0.17137399999999992,-0.17137399999999992
inverse_block,inverse_block_bw4,inverse_block,transformerXL,standard,inverse_block,4,0.75,masks/Inverse Block/inverse_block/transformerXL,masks,Inverse Block,inverse_block,transformerXL,transformerXL,Inverse Block/inverse_block/transformerXL,1,0,0,0,0.00575,0.00607,0.06116,46.63064,0.9927,0.99959,0.00088,0.5984,0.00066,0.01187,,,,,,,,,,,,,,,,,,,,,,,,,,,,,,,,,,,,,,,,,,,,,,,,,,,,,,,,,,,,,,,,,,,,,,,,,,,,,,,,,,,,
inverse_block,inverse_block_bw4,inverse_block_w4,transformerXL,standard,inverse_block,4,0.75,masks/Inverse Block/inverse_block_w4/transformerXL,masks,Inverse Block,inverse_block_w4,transformerXL,transformerXL,Inverse Block/inverse_block_w4/transformerXL,1,0,0,0,0.00575,0.00607,0.06116,46.63064,0.9927,0.99959,0.00088,0.5984,0.00066,0.01187,,,,,,,,,,,,,,,,,,,,,,,,,,,,,,,,,,,,,,,,,,,,,,,,,,,,,,,,,,,,,,,,,,,,,,,,,,,,,,,,,,,,
inverse_block,inverse_block_bw32,passt_cnn_pt1_inv_block_bw32_ft1_ft2,inverse_block_bw32/transformerXL,standard,inverse_block,32,0.75,masks/Inverse Block/passt_cnn_pt1_inv_block_bw32_ft1_ft2/inverse_block_bw32/transformerXL,masks,Inverse Block,passt_cnn_pt1_inv_block_bw32_ft1_ft2,inverse_block_bw32/transformerXL,transformerXL,Inverse Block/passt_cnn_pt1_inv_block_bw32_ft1_ft2/inverse_block_bw32/transformerXL,1,1,1,1,0.0052,0.00587,0.06048,47.91423,0.99401,0.99949,0.00067,0.33551,0.00126,0.03739,0.46204,0.46259,0.73348,0.7301,0.51036,0.50431,0.51313,0.50625,0.84039,0.84087,0.89594,0.89844,0.94678,0.98869,0.91588,0.41028,0.41148,0.67114,0.66935,0.45273,0.45197,0.48571,0.47873,0.73406,0.73182,0.97211,0.84126,0.462,0.463,0.5248,0.53071,0.75908,0.75592,0.57304,0.58219,0.57103,0.57577,0.8665,0.86782,0.89956,0.90029,0.9535,0.98943,0.92324,0.48269,0.48865,0.69838,0.70726,0.50873,0.53144,0.53926,0.54609,0.74275,0.75784,0.97172,0.85382,0.525,0.531,0.64151,0.58406,0.74964,0.23549,0.53741,0.77537,0.80778,0.72487,0.65684,0.79389,0.63936,0.61808,0.79548,0.24913,0.51628,0.7877,0.82145,0.68691,0.66322,0.81449,0.572694,0.7457260000000001,0.572694,0.7457260000000001,-0.17303200000000007,-0.17303200000000007
inverse_block,inverse_block_bw16,passt_cnn_pt1_inverse_block_bw16_ft1_ft2,inverse_block_bw16/transformerXL,standard,inverse_block,16,0.75,masks/Inverse Block/passt_cnn_pt1_inverse_block_bw16_ft1_ft2/inverse_block_bw16/transformerXL,masks,Inverse Block,passt_cnn_pt1_inverse_block_bw16_ft1_ft2,inverse_block_bw16/transformerXL,transformerXL,Inverse Block/passt_cnn_pt1_inverse_block_bw16_ft1_ft2/inverse_block_bw16/transformerXL,1,1,1,1,0.00506,0.0092,0.07351,46.39175,0.98922,0.99951,0.00074,0.3839,0.00141,0.03239,0.46213,0.4638,0.7317,0.72848,0.50724,0.50783,0.51256,0.51121,0.83862,0.83843,0.89107,0.89996,0.94709,0.98878,0.91637,0.41251,0.41917,0.66744,0.66755,0.4417,0.44475,0.47271,0.46911,0.72465,0.72566,0.97156,0.83842,0.462,0.464,0.52175,0.52881,0.76099,0.75859,0.56908,0.57412,0.57812,0.58201,0.86352,0.86598,0.90207,0.89975,0.95043,0.98969,0.92647,0.47322,0.47698,0.69811,0.71146,0.4538,0.49112,0.5207,0.5296,0.72382,0.74208,0.97133,0.8464,0.522,0.529,0.63634,0.62439,0.7677,0.2498,0.48744,0.64168,0.78811,0.67677,0.65621,0.81312,0.62487,0.64161,0.78733,0.24813,0.48865,0.69118,0.81001,0.65772,0.66232,0.82589,0.56226,0.725282,0.56226,0.725282,-0.163022,-0.163022
inverse_block,inverse_block_bw2,passt_cnn_pt1_inverse_block_bw2_ft1_ft2,inverse_block_bw2/transformerXL,standard,inverse_block,2,0.75,masks/Inverse Block/passt_cnn_pt1_inverse_block_bw2_ft1_ft2/inverse_block_bw2/transformerXL,masks,Inverse Block,passt_cnn_pt1_inverse_block_bw2_ft1_ft2,inverse_block_bw2/transformerXL,transformerXL,Inverse Block/passt_cnn_pt1_inverse_block_bw2_ft1_ft2/inverse_block_bw2/transformerXL,1,1,1,1,0.0049,0.00854,0.07161,46.58601,0.99035,0.99968,0.00065,0.46808,0.00153,0.03229,0.46356,0.46624,0.73207,0.72722,0.50534,0.50503,0.51469,0.50781,0.83933,0.83962,0.89107,0.89996,0.94665,0.98874,0.91655,0.41445,0.42199,0.6672,0.66824,0.43793,0.44426,0.47215,0.46899,0.72507,0.72561,0.97143,0.83841,0.464,0.466,0.52494,0.53284,0.76129,0.75897,0.56702,0.57093,0.5743,0.57797,0.85984,0.86053,0.89569,0.90168,0.94984,0.98966,0.92537,0.46724,0.48009,0.6981,0.70827,0.47313,0.50045,0.52777,0.53955,0.7331,0.74041,0.97155,0.84661,0.525,0.533,0.63245,0.58789,0.7764,0.2497,0.4627,0.70097,0.80373,0.65905,0.66025,0.80593,0.63084,0.62679,0.7912,0.25474,0.49744,0.68271,0.81326,0.65865,0.67093,0.81877,0.56903,0.720036,0.56903,0.720036,-0.15100599999999997,-0.15100599999999997
inverse_block,inverse_block_bw4,passt_cnn_pt1_inverse_block_bw4_ft1_ft2,inverse_block_bw4/transformerXL,standard,inverse_block,4,0.75,masks/Inverse Block/passt_cnn_pt1_inverse_block_bw4_ft1_ft2/inverse_block_bw4/transformerXL,masks,Inverse Block,passt_cnn_pt1_inverse_block_bw4_ft1_ft2,inverse_block_bw4/transformerXL,transformerXL,Inverse Block/passt_cnn_pt1_inverse_block_bw4_ft1_ft2/inverse_block_bw4/transformerXL,1,1,1,1,0.00537,0.00716,0.06545,46.84065,0.99292,0.99988,0.00024,0.17329,0.00134,0.02692,0.47014,0.47068,0.73351,0.72982,0.49993,0.49732,0.50792,0.50598,0.84349,0.83982,0.89217,0.89897,0.94733,0.98889,0.91773,0.42319,0.42424,0.66863,0.66915,0.44202,0.43541,0.47138,0.46255,0.72713,0.72456,0.97182,0.84035,0.47,0.471,0.52191,0.53164,0.75981,0.75993,0.57761,0.57259,0.58093,0.58143,0.87019,0.86714,0.90403,0.90143,0.95325,0.98923,0.92384,0.47873,0.49426,0.70127,0.71444,0.46967,0.51453,0.51671,0.54471,0.72732,0.75796,0.96806,0.84242,0.522,0.532,0.61183,0.62175,0.79062,0.26506,0.52616,0.62576,0.80746,0.63312,0.6541,0.79439,0.63616,0.66004,0.80467,0.26459,0.5166,0.69551,0.82101,0.67589,0.66698,0.83819,0.5778000000000001,0.738128,0.5778000000000001,0.738128,-0.16032799999999992,-0.16032799999999992
inverse_block,inverse_block_bw4,passt_cnn_pt1_inverse_block_bw4_ft1_ft2_e15,inverse_block_bw4/transformerXL,standard,inverse_block,4,0.75,masks/Inverse Block/passt_cnn_pt1_inverse_block_bw4_ft1_ft2_e15/inverse_block_bw4/transformerXL,masks,Inverse Block,passt_cnn_pt1_inverse_block_bw4_ft1_ft2_e15,inverse_block_bw4/transformerXL,transformerXL,Inverse Block/passt_cnn_pt1_inverse_block_bw4_ft1_ft2_e15/inverse_block_bw4/transformerXL,1,1,1,1,0.00537,0.00716,0.06545,46.84065,0.99292,0.99988,0.00024,0.17329,0.00134,0.02692,0.47014,0.47068,0.73351,0.72982,0.49993,0.49732,0.50792,0.50598,0.84349,0.83982,0.89217,0.89897,0.94733,0.98889,0.91773,0.42319,0.42424,0.66863,0.66915,0.44202,0.43541,0.47138,0.46255,0.72713,0.72456,0.97182,0.84035,0.47,0.471,0.52191,0.53164,0.75981,0.75993,0.56618,0.56866,0.57943,0.57697,0.87019,0.86714,0.90403,0.9009,0.94963,0.98923,0.92384,,,,,,,,,,,,,,,,,,,,,,,,,,,,,,,,,,,,,,,,
inverse_block,inverse_block_bw10,thesis_mask_inverse_block_bw10,inverse_block/transformerXL,standard,inverse_block,10,0.75,masks/Inverse Block/thesis_mask_inverse_block_bw10/inverse_block/transformerXL,masks,Inverse Block,thesis_mask_inverse_block_bw10,inverse_block/transformerXL,transformerXL,Inverse Block/thesis_mask_inverse_block_bw10/inverse_block/transformerXL,1,1,1,1,0.00587,0.00731,0.06547,44.80389,0.98985,0.99948,0.00098,0.47333,0.00143,0.03178,0.46582,0.46647,0.73114,0.73062,0.50509,0.49965,0.51172,0.50819,0.84248,0.84011,0.8963,0.90133,0.94632,0.98874,0.91656,0.42033,0.42071,0.66937,0.66944,0.44561,0.4472,0.47747,0.47167,0.73856,0.732,0.97206,0.84004,0.466,0.466,0.53394,0.537,0.76332,0.77027,0.58777,0.58814,0.58346,0.58148,0.86353,0.86167,0.89925,0.90241,0.95268,0.98954,0.92268,0.47821,0.50107,0.70718,0.72237,0.51936,0.51402,0.55179,0.5469,0.74686,0.75312,0.9678,0.84399,0.534,0.537,0.63453,0.57669,0.79202,0.27005,0.5226,0.62882,0.80579,0.65012,0.67113,0.84303,0.63813,0.65759,0.8164,0.2779,0.52785,0.68562,0.80498,0.68362,0.67231,0.80623,0.5865180000000001,0.727608,0.5865180000000001,0.727608,-0.14108999999999994,-0.14108999999999994
inverse_block,inverse_block_bw4,thesis_mask_inverse_block_bw4,inverse_block/transformerXL,standard,inverse_block,4,0.75,masks/Inverse Block/thesis_mask_inverse_block_bw4/inverse_block/transformerXL,masks,Inverse Block,thesis_mask_inverse_block_bw4,inverse_block/transformerXL,transformerXL,Inverse Block/thesis_mask_inverse_block_bw4/inverse_block/transformerXL,1,1,1,1,0.0058,0.00739,0.06596,44.70279,0.98976,0.99958,0.00089,0.59849,0.00126,0.01784,0.46626,0.46578,0.72972,0.72991,0.50409,0.49635,0.51211,0.50661,0.84072,0.83819,0.8963,0.90133,0.94598,0.9888,0.91672,0.42166,0.42324,0.66975,0.66955,0.45009,0.44834,0.47787,0.47205,0.73759,0.73263,0.97226,0.84091,0.466,0.466,0.53366,0.54028,0.76499,0.76337,0.57876,0.57658,0.57857,0.57919,0.86016,0.86229,0.90045,0.90167,0.95016,0.98944,0.92463,0.49503,0.49993,0.70618,0.72375,0.47646,0.50483,0.53142,0.5427,0.73935,0.75386,0.96969,0.84377,0.534,0.54,0.624,0.62523,0.76464,0.27397,0.55903,0.67335,0.8071,0.66851,0.66087,0.81218,0.64609,0.66041,0.8009,0.2751,0.52581,0.68508,0.82324,0.68575,0.66904,0.81425,0.583388,0.733746,0.583388,0.733746,-0.150358,-0.150358
block,block_bw4,passt_cnn_pt1_mcr_bw16_inv_bw4_p050_ft1_ft2,mcr_bw16_inv_bw4_p050/transformerXL,sampler_schedule,block,4,0.75,masks/MCR/passt_cnn_pt1_mcr_bw16_inv_bw4_p050_ft1_ft2/mcr_bw16_inv_bw4_p050/transformerXL,masks,MCR,passt_cnn_pt1_mcr_bw16_inv_bw4_p050_ft1_ft2,mcr_bw16_inv_bw4_p050/transformerXL,transformerXL,MCR/passt_cnn_pt1_mcr_bw16_inv_bw4_p050_ft1_ft2/mcr_bw16_inv_bw4_p050/transformerXL,1,1,1,1,0.00508,0.00575,0.05955,47.78895,0.99409,0.99967,0.00062,0.35785,0.00121,0.0318,0.46028,0.46129,0.7332,0.72963,0.51395,0.51362,0.51536,0.50831,0.84281,0.84129,0.89594,0.89844,0.94683,0.98877,0.91579,0.41342,0.4152,0.6724,0.66921,0.45961,0.45352,0.49036,0.48214,0.73476,0.73233,0.97209,0.84067,0.46,0.461,0.529,0.53233,0.76465,0.75666,0.57372,0.58295,0.57372,0.57486,0.86322,0.86615,0.90097,0.89884,0.9485,0.98973,0.92413,0.46633,0.49313,0.70237,0.71286,0.48753,0.51252,0.51947,0.52811,0.74459,0.75221,0.9708,0.84991,0.529,0.532,0.62604,0.57052,0.79663,0.25355,0.46097,0.73197,0.81175,0.6636,0.65738,0.84867,0.63731,0.64529,0.81603,0.25334,0.52406,0.76207,0.80569,0.67972,0.65863,0.81929,0.577874,0.7424120000000001,0.577874,0.7424120000000001,-0.16453800000000007,-0.16453800000000007
block,block_bw4,passt_cnn_pt1_mcr_cc_bw10_sdb_bw4_p050_ft1_ft2,mcr_cc_bw10_sdb_bw4_p050/transformerXL,sampler_schedule,block,4,0.75,masks/MCR/passt_cnn_pt1_mcr_cc_bw10_sdb_bw4_p050_ft1_ft2/mcr_cc_bw10_sdb_bw4_p050/transformerXL,masks,MCR,passt_cnn_pt1_mcr_cc_bw10_sdb_bw4_p050_ft1_ft2,mcr_cc_bw10_sdb_bw4_p050/transformerXL,transformerXL,MCR/passt_cnn_pt1_mcr_cc_bw10_sdb_bw4_p050_ft1_ft2/mcr_cc_bw10_sdb_bw4_p050/transformerXL,1,1,1,1,0.00508,0.00573,0.0595,47.80715,0.99412,0.99962,0.00073,0.4033,0.0011,0.03114,0.46219,0.46122,0.73273,0.7282,0.50821,0.50878,0.51254,0.50752,0.8423,0.8408,0.89594,0.89844,0.94689,0.98875,0.91555,0.41162,0.4138,0.67214,0.67004,0.45111,0.45192,0.48584,0.47993,0.73445,0.73206,0.97206,0.84083,0.462,0.461,0.52231,0.52992,0.7591,0.75727,0.57742,0.57914,0.58201,0.57717,0.86264,0.86441,0.90297,0.90181,0.95134,0.9897,0.92419,0.46247,0.48883,0.70415,0.71215,0.52443,0.50871,0.55843,0.53227,0.7422,0.74674,0.97301,0.85249,0.522,0.53,0.58315,0.67977,0.80667,0.23157,0.43227,0.71505,0.82797,0.70325,0.65704,0.81206,0.63647,0.62863,0.81777,0.25706,0.52255,0.72035,0.81267,0.65733,0.66596,0.81874,0.579962,0.727544,0.579962,0.727544,-0.147582,-0.147582
block,block_bw4,passt_cnn_pt1_mir_curr_full_bw4_ft1_ft2,mir_curr_full_bw4/transformerXL,standard,block,4,0.75,masks/MIR/passt_cnn_pt1_mir_curr_full_bw4_ft1_ft2/mir_curr_full_bw4/transformerXL,masks,MIR,passt_cnn_pt1_mir_curr_full_bw4_ft1_ft2,mir_curr_full_bw4/transformerXL,transformerXL,MIR/passt_cnn_pt1_mir_curr_full_bw4_ft1_ft2/mir_curr_full_bw4/transformerXL,1,1,1,1,0.03586,0.0328,0.14277,40.61464,0.97443,0.99762,0.00624,2.3453,0.00581,0.09907,0.39533,0.31045,0.65457,0.5554,0.39532,0.21626,0.43071,0.31951,0.75598,0.52354,0.85684,0.86055,0.90842,0.98351,0.87934,0.35914,0.29277,0.59173,0.49031,0.37261,0.19976,0.40042,0.26442,0.67416,0.44848,0.96347,0.79176,0.395,0.31,0.49784,0.49743,0.77694,0.77629,0.59217,0.59337,0.58564,0.59195,0.86851,0.87558,0.90298,0.90632,0.95104,0.98918,0.92084,0.42351,0.4357,0.73109,0.73427,0.52237,0.55136,0.55798,0.57543,0.77468,0.80181,0.97672,0.86359,0.498,0.497,0.55583,0.5668,0.75325,0.24598,0.32426,0.76718,0.80101,0.66858,0.65424,0.84059,0.56639,0.66727,0.75642,0.24187,0.33156,0.75717,0.81104,0.6942,0.63171,0.85617,0.50559,0.75717,0.50559,0.75717,-0.25158,-0.25158
block,block_bw4,passt_cnn_pt1_mir_nocurr_full_bw4_ft1_ft2,mir_nocurr_full_bw4/transformerXL,standard,block,4,0.75,masks/MIR/passt_cnn_pt1_mir_nocurr_full_bw4_ft1_ft2/mir_nocurr_full_bw4/transformerXL,masks,MIR,passt_cnn_pt1_mir_nocurr_full_bw4_ft1_ft2,mir_nocurr_full_bw4/transformerXL,transformerXL,MIR/passt_cnn_pt1_mir_nocurr_full_bw4_ft1_ft2/mir_nocurr_full_bw4/transformerXL,1,1,1,1,0.04077,0.04008,0.15745,40.65184,0.97059,0.99726,0.00739,2.67081,0.01116,0.13153,0.39914,0.31075,0.65423,0.5539,0.39801,0.24269,0.42145,0.30192,0.75335,0.5468,0.85684,0.86055,0.90594,0.98397,0.88291,0.36064,0.28634,0.59053,0.47296,0.35065,0.21224,0.378,0.26377,0.66608,0.46726,0.96362,0.79413,0.399,0.311,0.51187,0.5105,0.7685,0.76842,0.59749,0.59207,0.5879,0.58775,0.87378,0.87273,0.9086,0.906,0.95307,0.98956,0.92077,0.45898,0.47071,0.72775,0.73303,0.55874,0.56697,0.58037,0.58583,0.80151,0.80333,0.97503,0.86396,0.512,0.51,0.54857,0.6523,0.76556,0.27775,0.40148,0.70731,0.81562,0.69336,0.63584,0.86381,0.59812,0.68659,0.75724,0.27883,0.39325,0.75746,0.82085,0.7018,0.63876,0.84599,0.53324,0.7625379999999999,0.53324,0.7625379999999999,-0.2292979999999999,-0.2292979999999999
pcom,pcom_v1,pcom_v1,transformerXL,pcom,block,10,0.75,masks/PCOM/pcom_v1/transformerXL,masks,PCOM,pcom_v1,transformerXL,transformerXL,PCOM/pcom_v1/transformerXL,1,1,1,1,0.09663,0.08507,0.23215,34.42232,0.92623,0.99621,0.00513,2.09232,0.02428,0.1914,0.46514,0.4688,0.73489,0.72889,0.51196,0.5129,0.50951,0.51042,0.84303,0.8395,0.89535,0.89771,0.94533,0.9885,0.91655,0.41214,0.41501,0.66753,0.67755,0.43389,0.45507,0.45338,0.47641,0.71979,0.73444,0.97246,0.83985,0.465,0.469,0.50669,0.5117,0.76048,0.75676,0.58844,0.59412,0.58266,0.58831,0.86633,0.87131,0.89923,0.90137,0.95522,0.98963,0.92497,0.47454,0.47427,0.72134,0.72862,0.53642,0.53544,0.56118,0.55713,0.76507,0.77349,0.97443,0.86533,0.507,0.512,0.65122,0.73612,0.80982,0.24891,0.43591,0.74528,0.8418,0.63236,0.63838,0.81165,0.57115,0.66515,0.77609,0.24426,0.52666,0.64532,0.7799,0.67199,0.65422,0.79131,0.554476,0.7107340000000001,0.554476,0.7107340000000001,-0.15625800000000012,-0.15625800000000012
POM,passt_cnn_pt1_pom_gt_block_bw4_strong6_class_gated_ft1_ft2,passt_cnn_pt1_pom_gt_block_bw4_strong6_class_gated_ft1_ft2,pom_gt_block_bw4_strong6_class_gated/transformerXL,standard,block,4,0.75,masks/POM/passt_cnn_pt1_pom_gt_block_bw4_strong6_class_gated_ft1_ft2/pom_gt_block_bw4_strong6_class_gated/transformerXL,masks,POM,passt_cnn_pt1_pom_gt_block_bw4_strong6_class_gated_ft1_ft2,pom_gt_block_bw4_strong6_class_gated/transformerXL,transformerXL,POM/passt_cnn_pt1_pom_gt_block_bw4_strong6_class_gated_ft1_ft2/pom_gt_block_bw4_strong6_class_gated/transformerXL,1,1,1,1,0.0023,0.00213,0.036,51.45146,0.99715,0.99976,0.00042,0.31394,0.00018,0.00861,0.39712,0.30684,0.65575,0.56838,0.34418,0.15533,0.38105,0.25777,0.6996,0.40615,0.85684,0.86055,0.88433,0.98318,0.87579,0.36059,0.28955,0.5897,0.49274,0.31021,0.15811,0.35454,0.23605,0.62388,0.37493,0.96248,0.78801,0.397,0.307,0.529,0.52463,0.7624,0.76418,0.60981,0.61083,0.59545,0.59456,0.86659,0.87065,0.90427,0.90697,0.95134,0.9891,0.91911,0.50175,0.50186,0.7187,0.72365,0.5537,0.56569,0.5789,0.58624,0.78653,0.80397,0.97489,0.86224,0.529,0.525,0.6014,0.67673,0.77728,0.27535,0.54779,0.73934,0.78269,0.69752,0.65529,0.8594,0.60357,0.70342,0.79216,0.27594,0.52746,0.78717,0.79324,0.68637,0.65194,0.85404,0.570214,0.764848,0.570214,0.764848,-0.19463399999999997,-0.19463399999999997
POM,passt_cnn_pt1_pom_gt_block_bw4_strong6_ft1_ft2,passt_cnn_pt1_pom_gt_block_bw4_strong6_ft1_ft2,pom_gt_block_bw4_strong6/transformerXL,standard,block,4,0.75,masks/POM/passt_cnn_pt1_pom_gt_block_bw4_strong6_ft1_ft2/pom_gt_block_bw4_strong6/transformerXL,masks,POM,passt_cnn_pt1_pom_gt_block_bw4_strong6_ft1_ft2,pom_gt_block_bw4_strong6/transformerXL,transformerXL,POM/passt_cnn_pt1_pom_gt_block_bw4_strong6_ft1_ft2/pom_gt_block_bw4_strong6/transformerXL,1,1,1,1,0.00231,0.00214,0.03608,51.44199,0.99714,0.99977,0.00042,0.3167,0.00017,0.00809,0.39737,0.30822,0.65547,0.56898,0.34652,0.15609,0.38194,0.25801,0.6995,0.40946,0.85684,0.86055,0.88461,0.9832,0.8759,0.36163,0.2907,0.58925,0.493,0.30952,0.16028,0.35398,0.23679,0.62328,0.37757,0.9625,0.78815,0.397,0.308,0.52191,0.52271,0.75721,0.76025,0.59158,0.59572,0.58966,0.59271,0.86744,0.87359,0.91011,0.91147,0.9526,0.98901,0.91924,0.48289,0.50019,0.70379,0.72811,0.53134,0.5571,0.56536,0.57641,0.7906,0.8,0.9733,0.85877,0.522,0.523,0.59762,0.67561,0.7895,0.24537,0.53354,0.66273,0.82024,0.67886,0.65873,0.84542,0.61365,0.70796,0.79364,0.27048,0.52774,0.70576,0.79606,0.70367,0.64947,0.82611,0.5709960000000001,0.747912,0.5709960000000001,0.747912,-0.17691599999999996,-0.17691599999999996
block,block_bw16,passt_cnn_anchor_v1_5_rqt,block_bw16/transformerXL,standard,block,16,0.75,masks/RQT/passt_cnn_anchor_v1_5_rqt/block_bw16/transformerXL,masks,RQT,passt_cnn_anchor_v1_5_rqt,block_bw16/transformerXL,transformerXL,RQT/passt_cnn_anchor_v1_5_rqt/block_bw16/transformerXL,1,1,1,1,0.73894,0.77553,0.63384,27.72803,0.35483,0.93884,0.21655,100.26883,0.08274,0.19615,0.20857,0.20735,0.69526,0.68882,0.29891,0.30445,0.29705,0.28642,0.75866,0.76297,0.8921,0.89904,0.88737,0.97784,0.8321,0.17668,0.17995,0.60592,0.60567,0.24207,0.2482,0.282,0.28103,0.65373,0.65315,0.95374,0.75061,0.209,0.207,,,,,,,,,,,,,,,,,,,,,,,,,,,,,,,,,,,,,,,,,,,,,,,,,,,,,,,
block,block_bw16,passt_cnn_anchor_v1_5_rqt_jr,block_bw16/transformerXL,standard,block,16,0.75,masks/RQT/passt_cnn_anchor_v1_5_rqt_jr/block_bw16/transformerXL,masks,RQT,passt_cnn_anchor_v1_5_rqt_jr,block_bw16/transformerXL,transformerXL,RQT/passt_cnn_anchor_v1_5_rqt_jr/block_bw16/transformerXL,1,1,1,1,0.05637,0.05465,0.18532,38.5278,0.95844,0.99706,0.00551,1.88422,0.013,0.16577,0.28232,0.27284,0.71044,0.6939,0.35259,0.35337,0.39427,0.38011,0.77962,0.77879,0.8921,0.89904,0.90289,0.98116,0.85925,0.25878,0.25528,0.62576,0.62468,0.30433,0.30238,0.35805,0.3538,0.67542,0.67536,0.96077,0.78442,0.282,0.273,0.36348,0.33992,0.6815,0.6885,0.42286,0.39336,0.44934,0.42815,0.7893,0.80721,0.89205,0.8956,0.93286,0.982,0.87413,,,,,,,,,,,,,,,,,,,,,,,,,,,,,,,,,,,,,,,,
random,random_bw10,thesis_mask_random,random/transformerXL,standard,random,10,0.75,masks/Random/thesis_mask_random/random/transformerXL,masks,Random,thesis_mask_random,random/transformerXL,transformerXL,Random/thesis_mask_random/random/transformerXL,1,1,1,1,0.00583,0.00928,0.0752,44.31614,0.98777,0.99964,0.00066,0.35875,0.0017,0.05073,0.46631,0.46699,0.73064,0.72681,0.50163,0.49927,0.50757,0.50895,0.84113,0.84029,0.89673,0.89971,0.94736,0.98878,0.91726,0.42189,0.42811,0.67175,0.6716,0.449,0.44304,0.4761,0.46327,0.73914,0.73221,0.97209,0.84183,0.466,0.467,0.52486,0.52499,0.76227,0.7657,0.58121,0.57648,0.58091,0.58109,0.8677,0.8676,0.90303,0.90357,0.953,0.98988,0.92774,0.48031,0.48167,0.7033,0.7154,0.52785,0.51096,0.55032,0.54398,0.75025,0.75392,0.97083,0.85358,0.525,0.525,0.60282,0.61708,0.79785,0.26146,0.49091,0.73957,0.83074,0.65916,0.66524,0.81935,0.61813,0.66655,0.77626,0.25523,0.47138,0.72853,0.82033,0.67435,0.66477,0.81878,0.5571539999999999,0.741708,0.5571539999999999,0.741708,-0.1845540000000001,-0.1845540000000001
random,random_bw10,thesis_mask_random2,random/transformerXL,standard,random,10,0.75,masks/Random/thesis_mask_random2/random/transformerXL,masks,Random,thesis_mask_random2,random/transformerXL,transformerXL,Random/thesis_mask_random2/random/transformerXL,1,1,1,1,0.0058,0.00584,0.05963,47.21873,0.99347,0.99963,0.00067,,0.00084,0.03234,0.46581,0.46572,0.72854,0.72715,0.51289,0.51021,0.51688,0.51023,0.84056,0.83869,0.89597,0.90154,0.94834,0.98873,0.91678,0.42413,0.42923,0.67011,0.66903,0.4387,0.44535,0.47686,0.47248,0.73469,0.72672,0.97163,0.83952,0.466,0.466,0.52477,0.5314,0.76667,0.75993,0.57273,0.57226,0.5775,0.57624,0.86083,0.86213,0.89461,0.90158,0.95385,0.98988,0.92673,0.47908,0.49119,0.70738,0.71141,0.50253,0.48338,0.5295,0.52247,0.74828,0.74977,0.97351,0.85634,0.525,0.531,0.55988,0.67368,0.82002,0.24493,0.47996,0.83001,0.85413,0.72686,0.66293,0.83062,0.63385,0.65197,0.8081,0.25092,0.53981,0.71912,0.8235,0.67048,0.66309,0.80911,0.5791540000000001,0.734836,0.5791540000000001,0.734836,-0.155682,-0.155682
ERB,erb_bw4,passt_cnn_pt1_erb_bw4_pbs_ft1_ft2,erb_bw4_pbs/transformerXL,standard,block,4,0.75,masks/SDB-SRB-ERB/passt_cnn_pt1_erb_bw4_pbs_ft1_ft2/erb_bw4_pbs/transformerXL,masks,SDB-SRB-ERB,passt_cnn_pt1_erb_bw4_pbs_ft1_ft2,erb_bw4_pbs/transformerXL,transformerXL,SDB-SRB-ERB/passt_cnn_pt1_erb_bw4_pbs_ft1_ft2/erb_bw4_pbs/transformerXL,1,1,1,1,0.00504,0.00615,0.06161,46.637,0.99218,0.99955,0.00085,0.47294,0.0004,0.01845,0.462,0.46444,0.7361,0.72704,0.51006,0.51185,0.51315,0.51004,0.83894,0.8361,0.89074,0.8992,0.94797,0.98874,0.91703,0.41877,0.4217,0.65976,0.66611,0.43037,0.44913,0.45819,0.47374,0.71868,0.72651,0.96885,0.83123,0.462,0.464,0.52611,0.5198,0.76289,0.76103,0.59531,0.59735,0.59253,0.59788,0.87426,0.87178,0.90719,0.90531,0.95419,0.98942,0.92083,0.49116,0.49313,0.72004,0.72936,0.5131,0.54158,0.54874,0.56593,0.75843,0.78421,0.9727,0.85377,0.526,0.52,0.60906,0.69021,0.79641,0.2603,0.52571,0.72494,0.81036,0.6562,0.64821,0.80615,0.62963,0.71621,0.7961,0.25852,0.5003,0.72225,0.80908,0.68039,0.6565,0.8433,0.56821,0.754246,0.56821,0.754246,-0.18603599999999998,-0.18603599999999998
block,block_bw16,passt_cnn_pt1_sdb_bw16_ft1_ft2,sdb_bw16/transformerXL,standard,block,16,0.75,masks/SDB-SRB-ERB/passt_cnn_pt1_sdb_bw16_ft1_ft2/sdb_bw16/transformerXL,masks,SDB-SRB-ERB,passt_cnn_pt1_sdb_bw16_ft1_ft2,sdb_bw16/transformerXL,transformerXL,SDB-SRB-ERB/passt_cnn_pt1_sdb_bw16_ft1_ft2/sdb_bw16/transformerXL,1,1,1,1,0.00506,0.00438,0.0513,48.16176,0.99476,0.9997,0.00047,0.26254,0.00077,0.02302,0.47054,0.47081,0.73581,0.72999,0.51105,0.50619,0.51464,0.50877,0.8398,0.83985,0.89126,0.90031,0.94746,0.98876,0.91664,0.42423,0.42745,0.66943,0.6706,0.43926,0.44207,0.47399,0.47146,0.7255,0.72509,0.97166,0.84012,0.471,0.471,0.53102,0.53221,0.76258,0.7614,0.60644,0.60186,0.59127,0.59336,0.8651,0.86666,0.89475,0.89783,0.95313,0.98975,0.92343,0.49144,0.49834,0.71888,0.71933,0.50156,0.54319,0.544,0.56082,0.75083,0.76492,0.97417,0.85419,0.531,0.532,0.64432,0.58528,0.78512,0.26854,0.54099,0.67551,0.8041,0.71186,0.66466,0.83667,0.6322,0.63879,0.79485,0.26662,0.53053,0.79763,0.81405,0.69095,0.65471,0.8344,0.575782,0.755164,0.575782,0.755164,-0.17938199999999993,-0.17938199999999993
block,block_bw4,passt_cnn_pt1_sdb_bw4_debit_hard_ft1_ft2,sdb_debit_hard/transformerXL,standard,block,4,0.75,masks/SDB-SRB-ERB/passt_cnn_pt1_sdb_bw4_debit_hard_ft1_ft2/sdb_debit_hard/transformerXL,masks,SDB-SRB-ERB,passt_cnn_pt1_sdb_bw4_debit_hard_ft1_ft2,sdb_debit_hard/transformerXL,transformerXL,SDB-SRB-ERB/passt_cnn_pt1_sdb_bw4_debit_hard_ft1_ft2/sdb_debit_hard/transformerXL,1,1,1,1,0.00499,0.00899,0.07324,46.40722,0.98942,0.99956,0.0008,0.49303,0.00066,0.02626,0.46377,0.46384,0.73197,0.72766,0.50582,0.50421,0.51164,0.50788,0.83855,0.83981,0.89107,0.89996,0.94668,0.9888,0.91643,0.41461,0.42132,0.66612,0.6669,0.43826,0.4428,0.4732,0.47099,0.72492,0.72628,0.97155,0.83871,0.464,0.464,0.52953,0.53292,0.75814,0.76006,0.56943,0.57275,0.57827,0.58172,0.85967,0.86597,0.90053,0.90323,0.94976,0.98968,0.92681,0.47737,0.4856,0.70638,0.7142,0.49219,0.51469,0.538,0.54821,0.751,0.74907,0.97177,0.84985,0.53,0.533,0.63306,0.63537,0.77066,0.25,0.4803,0.73925,0.80191,0.65042,0.66019,0.77228,0.65684,0.64436,0.78084,0.2531,0.49802,0.69652,0.80554,0.66171,0.67349,0.81043,0.5724579999999999,0.7237120000000001,0.5724579999999999,0.7237120000000001,-0.15125400000000022,-0.15125400000000022
block,block_bw4,passt_cnn_pt1_sdb_bw4_debit_soft_ft1_ft2,sdb_debit_soft/transformerXL,standard,block,4,0.75,masks/SDB-SRB-ERB/passt_cnn_pt1_sdb_bw4_debit_soft_ft1_ft2/sdb_debit_soft/transformerXL,masks,SDB-SRB-ERB,passt_cnn_pt1_sdb_bw4_debit_soft_ft1_ft2,sdb_debit_soft/transformerXL,transformerXL,SDB-SRB-ERB/passt_cnn_pt1_sdb_bw4_debit_soft_ft1_ft2/sdb_debit_soft/transformerXL,1,1,1,1,0.005,0.00895,0.07296,46.44529,0.98944,0.99956,0.00079,0.48579,0.0007,0.02725,0.46369,0.46482,0.73171,0.72798,0.50458,0.50391,0.51033,0.50785,0.83879,0.83959,0.89107,0.89996,0.94668,0.98878,0.91634,0.41235,0.42018,0.66606,0.66709,0.4366,0.44551,0.47246,0.47123,0.72469,0.72651,0.97155,0.83872,0.464,0.465,0.52754,0.53187,0.76186,0.75965,0.55829,0.56842,0.56788,0.57545,0.86063,0.8667,0.8968,0.90173,0.94924,0.9897,0.92709,0.47952,0.48043,0.70905,0.709,0.46769,0.51015,0.52301,0.54247,0.73463,0.74909,0.97154,0.84919,0.528,0.532,0.64351,0.62707,0.78614,0.25539,0.47961,0.68538,0.80093,0.68306,0.65845,0.79256,0.63219,0.63406,0.78335,0.25248,0.49775,0.68452,0.81131,0.65666,0.67094,0.81412,0.567342,0.7201339999999999,0.567342,0.7201339999999999,-0.15279199999999993,-0.15279199999999993
block,block_bw4,passt_cnn_pt1_sdb_bw4_ft1_ft2,sdb_bw4/transformerXL,standard,block,4,0.75,masks/SDB-SRB-ERB/passt_cnn_pt1_sdb_bw4_ft1_ft2/sdb_bw4/transformerXL,masks,SDB-SRB-ERB,passt_cnn_pt1_sdb_bw4_ft1_ft2,sdb_bw4/transformerXL,transformerXL,SDB-SRB-ERB/passt_cnn_pt1_sdb_bw4_ft1_ft2/sdb_bw4/transformerXL,1,1,1,1,0.00498,0.00434,0.05099,48.2035,0.99481,0.99956,0.00081,0.46441,0.0009,0.02514,0.4686,0.47052,0.73491,0.72894,0.51283,0.50024,0.513,0.50677,0.84106,0.84127,0.89126,0.90031,0.94707,0.98872,0.91648,0.42134,0.42633,0.66793,0.66958,0.43774,0.44154,0.47538,0.47161,0.72538,0.72442,0.97149,0.83995,0.469,0.471,0.53161,0.53018,0.76571,0.76541,0.61726,0.60521,0.59916,0.59235,0.87101,0.87177,0.90474,0.90371,0.95562,0.98954,0.92327,0.49641,0.50431,0.72531,0.72541,0.51495,0.55164,0.55127,0.56442,0.75563,0.77226,0.97327,0.85776,0.532,0.53,0.64378,0.61852,0.7855,0.27384,0.52776,0.76907,0.81509,0.65871,0.66361,0.81599,0.64753,0.66776,0.80672,0.26439,0.53037,0.83643,0.83254,0.68605,0.66202,0.82627,0.582206,0.76981,0.582206,0.76981,-0.187604,-0.187604
block,block_bw4,passt_cnn_pt1_sdb_bw4_seed256_ft1_ft2,sdb_bw4/transformerXL,standard,block,4,0.75,masks/SDB-SRB-ERB/passt_cnn_pt1_sdb_bw4_seed256_ft1_ft2/sdb_bw4/transformerXL,masks,SDB-SRB-ERB,passt_cnn_pt1_sdb_bw4_seed256_ft1_ft2,sdb_bw4/transformerXL,transformerXL,SDB-SRB-ERB/passt_cnn_pt1_sdb_bw4_seed256_ft1_ft2/sdb_bw4/transformerXL,1,1,1,1,0.00502,0.00957,0.0749,45.80888,0.98836,0.99955,0.00083,0.49897,0.00129,0.03605,0.46602,0.47092,0.7274,0.72324,0.51728,0.51972,0.51784,0.52053,0.8381,0.83999,0.89303,0.89412,0.94676,0.98858,0.91329,0.40582,0.40992,0.66454,0.66493,0.42874,0.42759,0.44236,0.45207,0.70461,0.72723,0.96991,0.82626,0.466,0.471,0.52524,0.52565,0.77483,0.76451,0.61035,0.61316,0.60371,0.60279,0.86635,0.87319,0.89834,0.90685,0.95469,0.9895,0.92286,0.48331,0.48208,0.71243,0.71826,0.47484,0.55674,0.50913,0.57132,0.71193,0.77826,0.9729,0.85734,0.525,0.526,0.62143,0.5826,0.78082,0.26279,0.53959,0.72814,0.80978,0.68025,0.62858,0.7532,0.58219,0.64013,0.78988,0.276,0.47587,0.79704,0.78971,0.66663,0.65364,0.80563,0.5555160000000001,0.7398279999999999,0.5555160000000001,0.7398279999999999,-0.1843119999999998,-0.1843119999999998
shuffle,thesis_mask_shuffle,thesis_mask_shuffle,shuffle/transformerXL,shuffle,block,10,0.75,masks/Shuffle/thesis_mask_shuffle/shuffle/transformerXL,masks,Shuffle,thesis_mask_shuffle,shuffle/transformerXL,transformerXL,Shuffle/thesis_mask_shuffle/shuffle/transformerXL,1,1,1,1,0.00582,0.0073,0.06578,44.67671,0.98971,0.99726,0.00387,0.93357,0.0006,0.02198,0.46104,0.46033,0.72982,0.72607,0.50778,0.50792,0.51483,0.50701,0.84285,0.84028,0.8963,0.90133,0.94776,0.98864,0.91574,0.41569,0.41644,0.66847,0.66905,0.44207,0.45065,0.47657,0.47461,0.73727,0.73281,0.97217,0.84046,0.461,0.46,0.51703,0.52296,0.75406,0.75572,0.58672,0.58731,0.58695,0.58894,0.8657,0.86861,0.89815,0.90567,0.9521,0.98898,0.91739,0.46852,0.49889,0.70893,0.72444,0.50384,0.52926,0.54956,0.56395,0.75195,0.77204,0.97078,0.84922,0.517,0.523,0.52172,0.63923,0.79235,0.28114,0.50384,0.60666,0.78185,0.6578,0.66308,0.78216,0.62703,0.69504,0.7916,0.29026,0.52745,0.65266,0.79717,0.64262,0.66059,0.7855,0.579386,0.714598,0.579386,0.714598,-0.135212,-0.135212
hpm,hpm_source_ema_bw16,passt_cnn_mlm_tem_hpm_source_ema_mr035_bw16_ft1_ft2,tem_hpm_mr035_bw16/transformerXL,standard,block,16,0.35,masks/TEM/passt_cnn_mlm_tem_hpm_source_ema_mr035_bw16_ft1_ft2/tem_hpm_mr035_bw16/transformerXL,masks,TEM,passt_cnn_mlm_tem_hpm_source_ema_mr035_bw16_ft1_ft2,tem_hpm_mr035_bw16/transformerXL,transformerXL,TEM/passt_cnn_mlm_tem_hpm_source_ema_mr035_bw16_ft1_ft2/tem_hpm_mr035_bw16/transformerXL,1,1,1,1,0.00495,0.00663,0.06411,45.90434,0.9921,0.9995,0.00087,0.4883,0.00162,0.02887,0.45902,0.46399,0.73047,0.72611,0.50249,0.5002,0.50653,0.50642,0.83928,0.83977,0.89468,0.89914,0.94818,0.98867,0.91542,0.41241,0.42059,0.66429,0.66586,0.44573,0.44503,0.48132,0.47421,0.72772,0.72688,0.97193,0.83967,0.459,0.464,0.51907,0.52019,0.75656,0.76053,0.61441,0.61599,0.59186,0.59293,0.87395,0.86924,0.9058,0.90488,0.95688,0.98909,0.92143,0.48235,0.49941,0.71773,0.72503,0.5534,0.56031,0.57907,0.57138,0.76757,0.78185,0.97206,0.85335,0.519,0.52,0.64045,0.64048,0.79665,0.26542,0.44339,0.75945,0.82027,0.68656,0.67586,0.80237,0.64773,0.69529,0.79551,0.25442,0.50775,0.76259,0.82668,0.70754,0.66311,0.81453,0.573704,0.761326,0.573704,0.761326,-0.18762199999999996,-0.18762199999999996
TEM,passt_cnn_pt1_tem_block_bw16_ft1_ft2,passt_cnn_pt1_tem_block_bw16_ft1_ft2,tem_block_bw16/transformerXL,tem,tem,16,0.75,masks/TEM/passt_cnn_pt1_tem_block_bw16_ft1_ft2/tem_block_bw16/transformerXL,masks,TEM,passt_cnn_pt1_tem_block_bw16_ft1_ft2,tem_block_bw16/transformerXL,transformerXL,TEM/passt_cnn_pt1_tem_block_bw16_ft1_ft2/tem_block_bw16/transformerXL,1,1,1,1,0.05024,0.05709,0.18479,37.64343,0.94965,0.99009,0.01722,5.07568,0.01446,0.18618,0.46732,0.47004,0.73835,0.72947,0.49721,0.49742,0.51237,0.5114,0.84144,0.83826,0.89429,0.89642,0.94829,0.98842,0.91548,0.4142,0.42132,0.6727,0.67265,0.42209,0.43345,0.4697,0.46968,0.71353,0.72644,0.97054,0.83652,0.467,0.47,0.52071,0.51949,0.76516,0.76582,0.6077,0.61276,0.59236,0.5964,0.8678,0.86776,0.90158,0.90231,0.9539,0.98881,0.91903,0.4811,0.49586,0.71437,0.7333,0.54912,0.56167,0.56698,0.57822,0.75485,0.77998,0.97073,0.85144,0.521,0.519,0.63963,0.60081,0.78985,0.2625,0.4609,0.80602,0.80337,0.68274,0.67337,0.84548,0.66576,0.67306,0.78254,0.26736,0.47958,0.76673,0.82726,0.68548,0.66037,0.80943,0.571122,0.752392,0.571122,0.752392,-0.18126999999999993,-0.18126999999999993
TEM,passt_cnn_pt1_tem_block_bw4_ft1_ft2,passt_cnn_pt1_tem_block_bw4_ft1_ft2,tem_block_bw4/transformerXL,tem,tem,4,0.75,masks/TEM/passt_cnn_pt1_tem_block_bw4_ft1_ft2/tem_block_bw4/transformerXL,masks,TEM,passt_cnn_pt1_tem_block_bw4_ft1_ft2,tem_block_bw4/transformerXL,transformerXL,TEM/passt_cnn_pt1_tem_block_bw4_ft1_ft2/tem_block_bw4/transformerXL,1,1,1,1,0.04071,0.04522,0.16839,38.59081,0.96006,0.99323,0.01537,4.29641,0.01137,0.1595,0.46092,0.46413,0.72927,0.72276,0.50187,0.49481,0.51565,0.51367,0.83916,0.83734,0.89429,0.89642,0.94733,0.98813,0.91426,0.41261,0.42078,0.66852,0.6677,0.43683,0.44472,0.48035,0.48047,0.7193,0.72837,0.97095,0.83674,0.461,0.464,0.52019,0.52056,0.76369,0.76028,0.59372,0.60553,0.5887,0.59557,0.86628,0.86773,0.90118,0.89924,0.95289,0.98961,0.91877,0.47448,0.49355,0.71881,0.72952,0.52919,0.55517,0.56096,0.57517,0.75862,0.77985,0.97147,0.85327,0.52,0.521,0.60702,0.55424,0.80454,0.26689,0.49924,0.80632,0.80445,0.64751,0.66066,0.8372,0.64076,0.66578,0.79688,0.26328,0.49456,0.81556,0.81899,0.66575,0.65761,0.83552,0.570618,0.7603199999999999,0.570618,0.7603199999999999,-0.18970199999999993,-0.18970199999999993
TEM,passt_cnn_pt1_tem_dyn_jitter_ft1_ft2,passt_cnn_pt1_tem_dyn_jitter_ft1_ft2,tem_dyn_jitter/transformerXL,tem,tem,,0.75,masks/TEM/passt_cnn_pt1_tem_dyn_jitter_ft1_ft2/tem_dyn_jitter/transformerXL,masks,TEM,passt_cnn_pt1_tem_dyn_jitter_ft1_ft2,tem_dyn_jitter/transformerXL,transformerXL,TEM/passt_cnn_pt1_tem_dyn_jitter_ft1_ft2/tem_dyn_jitter/transformerXL,1,1,1,1,0.01534,0.01705,0.10188,43.47226,0.98601,0.99699,0.00532,2.47723,0.00146,0.04446,0.46863,0.47184,0.73265,0.728,0.4915,0.48592,0.51313,0.5064,0.84313,0.84187,0.89404,0.89719,0.94657,0.98862,0.91713,0.42521,0.4279,0.66504,0.67175,0.4152,0.44815,0.45388,0.47987,0.68811,0.73062,0.96891,0.83037,0.469,0.472,0.51967,0.52418,0.77417,0.77842,0.60428,0.60515,0.59347,0.59731,0.86805,0.86822,0.8996,0.90188,0.95258,0.98981,0.92318,0.48894,0.48081,0.72485,0.7356,0.55485,0.57511,0.57733,0.58866,0.7691,0.7876,0.97402,0.86467,0.52,0.524,0.62753,0.67888,0.74662,0.25643,0.50805,0.85012,0.80132,0.65525,0.64231,0.80052,0.61076,0.6562,0.78264,0.25799,0.46407,0.82177,0.80747,0.67807,0.6522,0.80542,0.5535319999999999,0.7537860000000001,0.5535319999999999,0.7537860000000001,-0.20025400000000015,-0.20025400000000015
TEM,passt_cnn_pt1_tem_ft1_ft2,passt_cnn_pt1_tem_ft1_ft2,tem/transformerXL,tem,tem,,0.75,masks/TEM/passt_cnn_pt1_tem_ft1_ft2/tem/transformerXL,masks,TEM,passt_cnn_pt1_tem_ft1_ft2,tem/transformerXL,transformerXL,TEM/passt_cnn_pt1_tem_ft1_ft2/tem/transformerXL,1,1,1,1,0.01722,0.01438,0.09371,44.73318,0.98885,0.99675,0.00569,2.21402,0.0011,0.03572,0.3984,0.28246,0.64407,0.53095,0.37111,0.18845,0.408,0.26466,0.71326,0.52864,0.85993,0.85015,0.89351,0.98468,0.88502,0.35855,0.24748,0.57734,0.46674,0.31738,0.14214,0.36771,0.23526,0.64453,0.40371,0.96462,0.79295,0.398,0.282,0.51834,0.52122,0.77749,0.76895,0.61126,0.61739,0.59417,0.59787,0.87039,0.87333,0.90626,0.90854,0.95474,0.98951,0.92125,0.45985,0.45876,0.72668,0.71855,0.55938,0.55861,0.58536,0.58875,0.78678,0.78312,0.9751,0.85875,0.518,0.521,0.53629,0.6749,0.75872,0.28735,0.38049,0.7841,0.7975,0.65314,0.66767,0.8134,0.54404,0.65089,0.77052,0.28338,0.387,0.73514,0.79208,0.67578,0.65938,0.82307,0.528864,0.7353919999999999,0.528864,0.7353919999999999,-0.20652799999999993,-0.20652799999999993
TEM,passt_cnn_pt1_tem_lowblock_bw4_compact_ft1_ft2,passt_cnn_pt1_tem_lowblock_bw4_compact_ft1_ft2,tem_lowblock_bw4/transformerXL,tem,tem,,0.75,masks/TEM/passt_cnn_pt1_tem_lowblock_bw4_compact_ft1_ft2/tem_lowblock_bw4/transformerXL,masks,TEM,passt_cnn_pt1_tem_lowblock_bw4_compact_ft1_ft2,tem_lowblock_bw4/transformerXL,transformerXL,TEM/passt_cnn_pt1_tem_lowblock_bw4_compact_ft1_ft2/tem_lowblock_bw4/transformerXL,1,1,1,1,0.07369,0.09766,0.2364,35.93261,0.93158,0.99429,0.0243,13.90005,0.02103,0.24603,,,,,,,,,,,,,,,,0.42263,0.42496,0.67124,0.66822,0.44447,0.43774,0.47115,0.47134,0.73312,0.73567,0.97171,0.83879,,,,,,,,,,,,,,,,,,,,,,,,,,,,,,,,,,,,,,,,,,,,,,,,,,,,,,,,,
TEM,tem_fusion07,tem_fusion07,,standard,block,4,0.75,masks/TEM/tem_fusion07,masks,TEM,tem_fusion07,,tem_fusion07,TEM/tem_fusion07,1,1,1,1,0.0058,0.00589,0.06018,47.15273,0.99347,0.99949,0.00094,0.53862,0.00073,0.02296,0.45792,0.46218,0.73194,0.73163,0.50208,0.50132,0.51112,0.51142,0.83382,0.83457,0.8917,0.90192,0.94758,0.98835,0.9142,0.41305,0.42005,0.65958,0.66839,0.43015,0.4401,0.46199,0.46641,0.72084,0.73328,0.97087,0.83302,0.458,0.462,0.51623,0.51897,0.76744,0.76739,0.593,0.59113,0.59487,0.59778,0.86599,0.86773,0.90107,0.90594,0.95033,0.98839,0.91931,0.45307,0.4759,0.71583,0.72098,0.50568,0.53811,0.55959,0.56673,0.74474,0.77222,0.97244,0.84526,0.516,0.519,0.57366,0.59401,0.76037,0.25168,0.49595,0.55703,0.7916,0.6324,0.66624,0.76634,0.58021,0.68961,0.79344,0.2581,0.48527,0.63754,0.79982,0.6807,0.6619,0.81284,0.5557840000000001,0.724102,0.5557840000000001,0.724102,-0.16831799999999997,-0.16831799999999997
TEM,tem_v1,tem_v1,,tem,tem,,0.75,masks/TEM/tem_v1,masks,TEM,tem_v1,,tem_v1,TEM/tem_v1,1,1,1,1,0.0169,0.01694,0.10107,43.0231,0.98525,0.99677,0.0057,2.3179,0.00171,0.04625,0.47086,0.47449,0.73091,0.72417,0.49464,0.49265,0.51126,0.51234,0.83863,0.83987,0.89459,0.89943,0.94778,0.98875,0.91767,0.4221,0.42823,0.67357,0.6707,0.42864,0.43572,0.47246,0.47062,0.72856,0.72751,0.97242,0.84131,0.471,0.474,0.51687,0.52361,0.76888,0.76825,0.60694,0.60269,0.5961,0.59235,0.8684,0.87048,0.89871,0.9024,0.95455,0.98919,0.92202,0.45934,0.48534,0.72779,0.7318,0.52353,0.55776,0.56727,0.57195,0.74799,0.77231,0.97203,0.85224,0.517,0.524,0.57067,0.63888,0.80276,0.25777,0.40701,0.7506,0.793,0.66927,0.66104,0.85185,0.65861,0.69382,0.78523,0.24357,0.46083,0.83976,0.84104,0.67217,0.6654,0.81198,0.562728,0.771754,0.562728,0.771754,-0.20902600000000005,-0.20902600000000005
block,block_bw16,passt_cnn_pt1_ufo_v1,block_bw16/transformerXL,standard,block,16,0.75,masks/UFO/passt_cnn_pt1_ufo_v1/block_bw16/transformerXL,masks,UFO,passt_cnn_pt1_ufo_v1,block_bw16/transformerXL,transformerXL,UFO/passt_cnn_pt1_ufo_v1/block_bw16/transformerXL,1,1,1,1,0.00512,0.00569,0.05954,48.04172,0.99424,0.9997,0.00048,0.27159,0.00101,0.03233,0.46175,0.46185,0.73061,0.73003,0.51274,0.50771,0.51583,0.51004,0.84479,0.84219,0.89719,0.89814,0.94675,0.98844,0.91587,0.40738,0.40901,0.67259,0.67396,0.45509,0.45334,0.49032,0.48446,0.73735,0.73369,0.97205,0.84111,0.462,0.462,0.5275,0.53045,0.76359,0.7699,0.60508,0.6067,0.59523,0.59472,0.86606,0.87054,0.90396,0.90446,0.95433,0.98964,0.92022,0.49245,0.50097,0.71997,0.73013,0.53099,0.55597,0.55389,0.5728,0.76063,0.77659,0.97253,0.85566,0.528,0.53,0.62783,0.62499,0.80773,0.24972,0.54624,0.7816,0.80085,0.65975,0.66593,0.80105,0.66021,0.69113,0.8089,0.26445,0.49325,0.78027,0.8285,0.68158,0.67425,0.83105,0.5802120000000001,0.7625059999999999,0.5802120000000001,0.7625059999999999,-0.18229399999999985,-0.18229399999999985
block,block_bw4,dishes_urbansed,transformerXL,standard,block,4,0.75,pretrain-data/dishes_urbansed/transformerXL,pretrain-data,,dishes_urbansed,transformerXL,transformerXL,dishes_urbansed/transformerXL,1,1,1,1,0.04098,0.04118,0.16046,38.81114,0.96296,0.99746,0.00698,3.04959,0.00762,0.12698,0.46462,0.46433,0.73309,0.73115,0.51386,0.50992,0.52152,0.51502,0.8431,0.84199,0.89766,0.9007,0.947,0.98862,0.91675,0.42467,0.42299,0.66031,0.67149,0.41815,0.45591,0.45151,0.48274,0.7096,0.7327,0.96861,0.82394,0.465,0.464,0.52519,0.53241,0.76154,0.76169,0.61064,0.61516,0.58967,0.59095,0.86608,0.87069,0.90009,0.90174,0.95555,0.98909,0.92129,0.48339,0.49679,0.7126,0.72239,0.53276,0.51555,0.57287,0.54182,0.76354,0.7545,0.97296,0.84893,0.525,0.532,0.57532,0.63777,0.78947,0.27256,0.52027,0.68671,0.77836,0.65239,0.6685,0.77951,0.59809,0.63598,0.78235,0.27273,0.55864,0.71828,0.77801,0.67612,0.66173,0.7676,0.574708,0.715198,0.574708,0.715198,-0.14049,-0.14049
block,block_bw4,passt_cnn_pt1_ft1_ft2_bad_classes_bw4,block_bw4/transformerXL,standard,block,4,0.75,pretrain-data/passt_cnn_pt1_ft1_ft2_bad_classes_bw4/block_bw4/transformerXL,pretrain-data,,passt_cnn_pt1_ft1_ft2_bad_classes_bw4,block_bw4/transformerXL,transformerXL,passt_cnn_pt1_ft1_ft2_bad_classes_bw4/block_bw4/transformerXL,1,1,1,1,0.01807,0.01414,0.09377,44.82531,0.98922,0.99875,0.00275,1.28358,0.00107,0.02674,0.46282,0.46534,0.73184,0.72732,0.4998,0.5019,0.51112,0.51248,0.83829,0.8421,0.89017,0.89907,0.94764,0.98839,0.91476,0.42353,0.42872,0.66673,0.66628,0.43343,0.43245,0.47104,0.46547,0.7235,0.72282,0.97152,0.83665,0.463,0.465,0.51462,0.51858,0.76201,0.76492,0.59952,0.6009,0.58456,0.58702,0.87019,0.86795,0.90293,0.90049,0.95436,0.98949,0.9225,0.48984,0.48639,0.72,0.73392,0.53848,0.57895,0.56731,0.59349,0.76269,0.78228,0.97323,0.85746,0.515,0.519,0.64753,0.65208,0.81491,0.26506,0.48942,0.81222,0.8172,0.64672,0.66679,0.77282,0.62631,0.65235,0.80846,0.26307,0.45648,0.81681,0.82391,0.69025,0.67059,0.82733,0.564982,0.76213,0.564982,0.76213,-0.197148,-0.197148
block,block_bw4,passt_cnn_pt1_ft1_ft2_inject_unsup_tightf_bw4,inject_unsup_tightf_bw4/transformerXL,standard,block,4,0.75,pretrain-data/passt_cnn_pt1_ft1_ft2_inject_unsup_tightf_bw4/inject_unsup_tightf_bw4/transformerXL,pretrain-data,,passt_cnn_pt1_ft1_ft2_inject_unsup_tightf_bw4,inject_unsup_tightf_bw4/transformerXL,transformerXL,passt_cnn_pt1_ft1_ft2_inject_unsup_tightf_bw4/inject_unsup_tightf_bw4/transformerXL,1,1,1,1,0.0082,0.01192,0.08524,44.19968,0.98656,0.9991,0.00177,1.15701,0.00289,0.06719,0.46745,0.46901,0.7317,0.73213,0.48847,0.48589,0.51274,0.50979,0.83932,0.83302,0.89734,0.90024,0.94457,0.98885,0.91799,0.42717,0.41972,0.66605,0.66411,0.40545,0.39548,0.45951,0.45498,0.7188,0.72219,0.9735,0.84459,0.467,0.469,0.52217,0.52945,0.77631,0.76954,0.57206,0.57567,0.56242,0.56879,0.86268,0.86409,0.90587,0.90514,0.9528,0.98877,0.91774,0.46637,0.48007,0.70153,0.71963,0.51237,0.5248,0.5489,0.55001,0.74228,0.76058,0.9726,0.8548,0.522,0.529,0.63754,0.62685,0.77218,0.24946,0.40672,0.80273,0.84971,0.66673,0.66607,0.83765,0.6129,0.67137,0.7658,0.26577,0.42867,0.79182,0.84815,0.70709,0.65899,0.82691,0.546426,0.7690680000000001,0.546426,0.7690680000000001,-0.22264200000000012,-0.22264200000000012
block,block_bw4,passt_cnn_pt1_ft1_ft2_inject_unsup_time_bw4,inject_unsup_time_bw4/transformerXL,standard,block,4,0.75,pretrain-data/passt_cnn_pt1_ft1_ft2_inject_unsup_time_bw4/inject_unsup_time_bw4/transformerXL,pretrain-data,,passt_cnn_pt1_ft1_ft2_inject_unsup_time_bw4,inject_unsup_time_bw4/transformerXL,transformerXL,passt_cnn_pt1_ft1_ft2_inject_unsup_time_bw4/inject_unsup_time_bw4/transformerXL,1,1,1,1,0.00657,0.00947,0.07609,45.16717,0.9897,0.99941,0.0011,0.67095,0.00155,0.05056,0.45064,0.45058,0.72251,0.71448,0.52772,0.52384,0.51397,0.5159,0.84312,0.83981,0.89761,0.89912,0.94506,0.98728,0.90732,0.39603,0.40624,0.66527,0.66147,0.42436,0.4408,0.43781,0.45063,0.72756,0.72812,0.96982,0.83132,0.451,0.451,0.51357,0.51485,0.74221,0.73872,0.59008,0.60876,0.5768,0.58109,0.86852,0.87502,0.90482,0.90612,0.95144,0.98807,0.91449,0.47524,0.49482,0.70623,0.70479,0.55338,0.5457,0.56173,0.55771,0.7822,0.77241,0.97412,0.85999,0.514,0.515,0.60011,0.62682,0.79443,0.26523,0.44466,0.83917,0.81651,0.7025,0.64338,0.83557,0.62452,0.65224,0.78137,0.27896,0.51129,0.81796,0.83022,0.66486,0.63315,0.82535,0.565858,0.7581260000000001,0.565858,0.7581260000000001,-0.1922680000000001,-0.1922680000000001
other,passt_cnn_urbansed/finetune2,passt_cnn_urbansed,finetune2,,,,,pretrain-data/passt_cnn_urbansed/finetune2,pretrain-data,,passt_cnn_urbansed,finetune2,finetune2,passt_cnn_urbansed/finetune2,0,0,1,0,,,,,,,,,,,,,,,,,,,,,,,,,,,,,,,,,,,,,,,,0.32115,0.33516,0.43827,0.46459,0.25309,0.26558,0.27294,0.28677,0.58496,0.58935,0.43581,0.43543,0.85502,0.94915,0.71296,,,,,,,,,,,,,,,,,,,,,,,,,,,,,,,,,,,,,,,,
block,block_bw4,passt_cnn_urbansed_pt1_ft1_ft2_bimamba_bw4,block_bw4/bimamba,standard,block,4,0.75,pretrain-data/passt_cnn_urbansed_pt1_ft1_ft2_bimamba_bw4/block_bw4/bimamba,pretrain-data,,passt_cnn_urbansed_pt1_ft1_ft2_bimamba_bw4,block_bw4/bimamba,bimamba,passt_cnn_urbansed_pt1_ft1_ft2_bimamba_bw4/block_bw4/bimamba,1,1,1,1,0.00063,0.00074,0.02108,53.81387,0.99839,,,,8e-05,0.00492,0.0,0.0,0.0,0.0,0.0,0.0,0.0,0.0,0.0,0.0,0.0,0.0,nan,,,0.0,0.0,0.0,0.0,0.0,0.0,0.0,0.0,0.0,0.0,,,0.0,0.0,0.0,0.0,0.0,0.0,0.0,0.0,0.0,0.0,0.0,0.0,0.0,0.0,nan,,,,,,,,,,,,,,,,,,,,,,,,,,,,,,,,,,,,,,,,,,
block,block_bw4,thesis_data_desed_audiosetdishes,block_bw4/transformerXL,standard,block,4,0.75,pretrain-data/thesis_data_desed_audiosetdishes/block_bw4/transformerXL,pretrain-data,,thesis_data_desed_audiosetdishes,block_bw4/transformerXL,transformerXL,thesis_data_desed_audiosetdishes/block_bw4/transformerXL,1,1,1,1,0.04183,0.04175,0.16128,38.75499,0.96254,0.99745,0.00722,3.08626,0.00624,0.11554,0.46658,0.46503,0.73271,0.7308,0.51457,0.50881,0.5232,0.51442,0.8434,0.84135,0.89766,0.9007,0.94736,0.98861,0.91665,0.42395,0.42141,0.66306,0.67363,0.41264,0.45939,0.45014,0.48237,0.70625,0.73489,0.968,0.82272,0.466,0.463,0.53121,0.54398,0.76333,0.7664,0.61359,0.62171,0.59563,0.60333,0.86826,0.87256,0.89999,0.90366,0.95357,0.98898,0.9212,0.5067,0.52636,0.729,0.72889,0.5696,0.56302,0.59604,0.58777,0.77907,0.7804,0.97606,0.86633,0.531,0.544,0.60626,0.70131,0.77931,0.30661,0.47093,0.75797,0.8482,0.71048,0.69658,0.81699,0.64826,0.68428,0.79464,0.30211,0.56153,0.79543,0.8295,0.68338,0.68304,0.82008,0.5979159999999999,0.7625339999999999,0.5979159999999999,0.7625339999999999,-0.16461800000000004,-0.16461800000000004
block,block_bw4,thesis_data_desed_default,block_bw4/transformerXL,standard,block,4,0.75,pretrain-data/thesis_data_desed_default/block_bw4/transformerXL,pretrain-data,,thesis_data_desed_default,block_bw4/transformerXL,transformerXL,thesis_data_desed_default/block_bw4/transformerXL,1,1,1,1,0.00577,0.00926,0.07501,44.3262,0.98779,0.9995,0.00092,0.52459,0.00157,0.04545,0.46521,0.4665,0.73031,0.72734,0.49901,0.49824,0.5089,0.50837,0.84115,0.83938,0.89673,0.89971,0.94785,0.98881,0.9175,0.42192,0.42817,0.67201,0.67247,0.44543,0.44236,0.47292,0.46445,0.73801,0.7319,0.97192,0.84129,0.465,0.466,0.53038,0.53077,0.76384,0.76724,0.58133,0.58579,0.57397,0.57494,0.86142,0.86471,0.89817,0.90398,0.95121,0.98932,0.92556,0.49057,0.49358,0.71389,0.71856,0.51311,0.52644,0.54078,0.54552,0.76348,0.7635,0.97146,0.86064,0.53,0.531,0.58985,0.69726,0.79885,0.26726,0.48773,0.706,0.80437,0.71978,0.66311,0.79821,0.62449,0.69091,0.78398,0.26048,0.48908,0.72085,0.82988,0.71173,0.67197,0.8168,0.5660000000000001,0.7540340000000001,0.5660000000000001,0.7540340000000001,-0.18803400000000003,-0.18803400000000003
block,block_bw4,thesis_data_desed_maestro,block_bw4/transformerXL,standard,block,4,0.75,pretrain-data/thesis_data_desed_maestro/block_bw4/transformerXL,pretrain-data,,thesis_data_desed_maestro,block_bw4/transformerXL,transformerXL,thesis_data_desed_maestro/block_bw4/transformerXL,1,1,1,1,0.00544,0.00915,0.07429,44.43708,0.98758,0.99953,0.00087,0.51293,0.00153,0.04485,0.46584,0.46828,0.73648,0.73241,0.4983,0.50293,0.50963,0.5123,0.84103,0.84,0.89673,0.89971,0.94705,0.98878,0.91686,0.42578,0.43055,0.66784,0.66976,0.43579,0.43377,0.47352,0.46397,0.73523,0.73111,0.97222,0.8399,0.466,0.468,0.52939,0.53484,0.76475,0.76822,0.57272,0.57865,0.57197,0.56972,0.86259,0.86782,0.90209,0.90587,0.95203,0.98931,0.92576,0.48509,0.49813,0.69516,0.70668,0.4702,0.51943,0.51632,0.54812,0.73724,0.75179,0.97301,0.852,0.529,0.535,0.62916,0.64079,0.75742,0.24715,0.53352,0.74412,0.84485,0.64882,0.65529,0.80296,0.646,0.65433,0.7899,0.25899,0.53394,0.7083,0.82592,0.69781,0.67157,0.79129,0.58008,0.73553,0.58008,0.73553,-0.15544999999999998,-0.15544999999999998
block,block_bw4,thesis_data_desed_real_only,block_bw4/transformerXL,standard,block,4,0.75,pretrain-data/thesis_data_desed_real_only/block_bw4/transformerXL,pretrain-data,,thesis_data_desed_real_only,block_bw4/transformerXL,transformerXL,thesis_data_desed_real_only/block_bw4/transformerXL,1,1,1,1,0.00141,0.00225,0.03568,49.49533,0.99489,0.99981,0.00041,0.35861,0.00102,0.02257,0.46134,0.46238,0.72007,0.71976,0.50394,0.49944,0.50948,0.50569,0.83902,0.83563,0.89673,0.89971,0.94563,0.98885,0.91745,0.4203,0.42695,0.66357,0.66204,0.45163,0.4481,0.48061,0.46992,0.72968,0.72552,0.97209,0.83528,0.461,0.462,0.52012,0.51468,0.77318,0.75976,0.61132,0.60061,0.59351,0.58739,0.86723,0.87071,0.90128,0.90446,0.95196,0.98918,0.92449,0.47376,0.47982,0.72982,0.71435,0.5295,0.55223,0.54342,0.57711,0.75593,0.77189,0.97563,0.86414,0.52,0.515,0.6359,0.64968,0.75316,0.26006,0.43215,0.72395,0.80609,0.66429,0.66084,0.80636,0.57081,0.64177,0.77643,0.2591,0.48583,0.74745,0.79775,0.69456,0.68179,0.85049,0.554792,0.7464039999999998,0.554792,0.7464039999999998,-0.1916119999999999,-0.1916119999999999
block,block_bw4,thesis_data_desed_synth_only,block_bw4/transformerXL,standard,block,4,0.75,pretrain-data/thesis_data_desed_synth_only/block_bw4/transformerXL,pretrain-data,,thesis_data_desed_synth_only,block_bw4/transformerXL,transformerXL,thesis_data_desed_synth_only/block_bw4/transformerXL,1,1,1,1,0.0,0.0,0.00059,77.49501,0.99999,1.0,0.0,0.12523,2e-05,0.00079,0.46917,0.47022,0.71759,0.71445,0.52192,0.51169,0.51452,0.50765,0.83452,0.82637,0.89673,0.89971,0.9412,0.9882,0.91426,0.42145,0.42229,0.66532,0.66419,0.43019,0.41616,0.46672,0.45155,0.72225,0.7129,0.97091,0.83533,0.469,0.47,0.53603,0.53399,0.77021,0.76862,0.59866,0.59939,0.59263,0.59454,0.87227,0.86774,0.90573,0.90481,0.95396,0.99043,0.92569,0.48431,0.4964,0.71994,0.73028,0.52226,0.53438,0.54524,0.55973,0.768,0.77672,0.97263,0.85669,0.536,0.534,0.55715,0.67273,0.80457,0.26883,0.50255,0.72327,0.81431,0.69276,0.63684,0.83432,0.62183,0.67845,0.80099,0.27802,0.4976,0.71432,0.82508,0.69017,0.65065,0.84184,0.5698179999999999,0.7499720000000001,0.5698179999999999,0.7499720000000001,-0.18015400000000015,-0.18015400000000015
other,dual_level_pt1_ft1_ft2/block_bw4/transformerXL,dual_level_pt1_ft1_ft2,block_bw4/transformerXL,,,,,pretrain-settings/dual_level_pt1_ft1_ft2/block_bw4/transformerXL,pretrain-settings,,dual_level_pt1_ft1_ft2,block_bw4/transformerXL,transformerXL,dual_level_pt1_ft1_ft2/block_bw4/transformerXL,1,1,1,1,,,,,,,,,,,0.07088,0.07706,0.84935,0.85182,0.01546,0.01361,0.00737,0.00571,0.73628,0.12535,0.89426,0.89906,0.32722,0.96262,0.73149,0.04259,0.04753,0.66828,0.66406,6e-05,0.0,0.00029,0.0,0.61045,0.0,0.93409,0.6587,0.071,0.077,0.51036,0.50241,0.84936,0.85134,0.55701,0.55925,0.57243,0.57357,0.85854,0.86206,0.91024,0.9086,0.95176,0.98897,0.91422,,,,,,,,,,,,,,,,,,,,,,,,,,,,,,,,,,,,,,,,
block,block_bw16,passt_cnn_apr_on_bw16_ssl_ft1_ft2,block_bw16/transformerXL,standard,block,16,0.75,pretrain-settings/passt_cnn_apr_on_bw16_ssl_ft1_ft2/block_bw16/transformerXL,pretrain-settings,,passt_cnn_apr_on_bw16_ssl_ft1_ft2,block_bw16/transformerXL,transformerXL,passt_cnn_apr_on_bw16_ssl_ft1_ft2/block_bw16/transformerXL,1,1,1,1,0.00525,0.00717,0.065,47.01753,0.99286,0.99967,0.00052,0.28663,0.00104,0.02862,0.45354,0.46607,0.73213,0.72918,0.50167,0.50517,0.51025,0.50377,0.84339,0.84113,0.89628,0.90212,0.94661,0.9879,0.91171,0.40689,0.42298,0.66074,0.66781,0.44997,0.44884,0.48419,0.47487,0.74238,0.73959,0.96918,0.83212,0.454,0.466,0.5202,0.51625,0.76026,0.76017,0.59715,0.60136,0.59065,0.59212,0.86744,0.86761,0.90069,0.90014,0.94837,0.98913,0.91922,0.48217,0.46524,0.71897,0.71953,0.53913,0.55375,0.56154,0.58198,0.76109,0.77671,0.97357,0.86298,0.52,0.516,0.62383,0.69728,0.76754,0.27577,0.43706,0.80468,0.84554,0.65912,0.6395,0.78824,0.60384,0.66572,0.78863,0.24519,0.41463,0.75234,0.7936,0.69363,0.65667,0.83747,0.541792,0.748552,0.541792,0.748552,-0.20675999999999994,-0.20675999999999994
EA,passt_cnn_ft1_sandwich_pt1_posterior_boundary_ft2,passt_cnn_ft1_sandwich_pt1_posterior_boundary_ft2,sandwich_posterior_boundary/transformerXL,event_aware,,4,0.75,pretrain-settings/passt_cnn_ft1_sandwich_pt1_posterior_boundary_ft2/sandwich_posterior_boundary/transformerXL,pretrain-settings,,passt_cnn_ft1_sandwich_pt1_posterior_boundary_ft2,sandwich_posterior_boundary/transformerXL,transformerXL,passt_cnn_ft1_sandwich_pt1_posterior_boundary_ft2/sandwich_posterior_boundary/transformerXL,1,1,1,1,0.0053,0.00523,0.0571,48.37648,0.99427,0.99963,0.00071,0.41583,0.00071,0.02153,0.42638,0.35299,0.67098,0.58831,0.37331,0.17009,0.42777,0.29989,0.74679,0.51096,0.85527,0.85571,0.90877,0.98534,0.88956,0.36951,0.30484,0.58902,0.49083,0.33786,0.18401,0.38862,0.27383,0.65443,0.43176,0.96575,0.79928,0.426,0.353,0.52081,0.52188,0.75893,0.76575,0.5962,0.59504,0.59408,0.5963,0.86882,0.86718,0.9039,0.9059,0.95249,0.9889,0.91827,0.46334,0.46648,0.72244,0.72307,0.54314,0.541,0.56972,0.56856,0.79825,0.79541,0.97563,0.86072,0.521,0.522,0.55687,0.64657,0.76618,0.30691,0.38328,0.69039,0.81331,0.69663,0.64221,0.83516,0.55724,0.63685,0.78386,0.30551,0.39063,0.70944,0.80975,0.69856,0.65144,0.83569,0.537736,0.738058,0.537736,0.738058,-0.200322,-0.200322
EA,passt_cnn_ft1_sandwich_pt1_posterior_interior_ft2,passt_cnn_ft1_sandwich_pt1_posterior_interior_ft2,sandwich_posterior_interior/transformerXL,event_aware,,4,0.75,pretrain-settings/passt_cnn_ft1_sandwich_pt1_posterior_interior_ft2/sandwich_posterior_interior/transformerXL,pretrain-settings,,passt_cnn_ft1_sandwich_pt1_posterior_interior_ft2,sandwich_posterior_interior/transformerXL,transformerXL,passt_cnn_ft1_sandwich_pt1_posterior_interior_ft2/sandwich_posterior_interior/transformerXL,1,1,1,1,0.00528,0.0049,0.05528,48.66746,0.99475,0.9996,0.00081,0.4633,0.00062,0.01783,0.42638,0.35298,0.67095,0.58831,0.37331,0.17014,0.42777,0.30016,0.74679,0.51095,0.85527,0.85571,0.90877,0.98534,0.88956,0.36951,0.30484,0.58902,0.49083,0.33778,0.18404,0.38851,0.27386,0.65451,0.43176,0.96575,0.79928,0.426,0.353,0.52355,0.52058,0.76112,0.76805,0.59442,0.59329,0.59001,0.59548,0.86391,0.86752,0.9047,0.90518,0.95267,0.98877,0.91779,0.47251,0.46024,0.72154,0.72459,0.53766,0.53751,0.57,0.56497,0.78584,0.79351,0.97732,0.86541,0.524,0.521,0.56794,0.66956,0.78546,0.30251,0.4167,0.65527,0.80329,0.71149,0.65499,0.88612,0.55558,0.70014,0.78636,0.283,0.38678,0.66912,0.81877,0.69714,0.63894,0.83221,0.5301319999999999,0.743476,0.5301319999999999,0.743476,-0.2133440000000001,-0.2133440000000001
other,thesis_mask_no_ssl/block_bw4/transformerXL,thesis_mask_no_ssl,block_bw4/transformerXL,,,,,pretrain-settings/thesis_mask_no_ssl/block_bw4/transformerXL,pretrain-settings,,thesis_mask_no_ssl,block_bw4/transformerXL,transformerXL,thesis_mask_no_ssl/block_bw4/transformerXL,0,1,1,0,,,,,,,,,,,0.4699,0.47505,0.73545,0.72963,0.51935,0.51792,0.5108,0.51323,0.84341,0.84245,0.89406,0.89739,0.94542,0.98857,0.91762,0.41957,0.42231,0.67013,0.67016,0.45777,0.4599,0.48436,0.4811,0.72673,0.72774,0.97295,0.84156,0.47,0.475,0.52223,0.52344,0.75691,0.76175,0.59968,0.59773,0.58996,0.59262,0.86954,0.87284,0.90209,0.90462,0.9587,0.99033,0.92489,0.4863,0.49387,0.72261,0.72769,0.54941,0.54437,0.57801,0.56846,0.77143,0.77469,0.97535,0.86075,0.522,0.523,0.58746,0.63662,0.79682,0.27099,0.48945,0.72993,0.80364,0.6843,0.68295,0.84167,0.62981,0.66765,0.80835,0.27217,0.49074,0.7192,0.80872,0.68986,0.66188,0.83184,0.57259,0.7434540000000001,0.57259,0.7434540000000001,-0.17086400000000002,-0.17086400000000002
block,block_bw4,block_bw4,transformerXL,standard,block,4,0.75,run_mask_all8x/block_bw4/transformerXL,run_mask_all8x,,block_bw4,transformerXL,transformerXL,block_bw4/transformerXL,1,1,1,1,0.00482,0.00617,0.06025,45.48827,0.99136,0.99957,0.00076,0.45157,0.00063,0.0188,0.46947,0.46968,0.72965,0.72637,0.50686,0.50665,0.52007,0.50933,0.84115,0.83895,0.8963,0.90133,0.94733,0.98888,0.918,0.42778,0.43246,0.66845,0.66809,0.43922,0.44389,0.4797,0.47778,0.73403,0.72836,0.97178,0.83902,0.469,0.47,0.52201,0.52416,0.75907,0.75926,0.60368,0.60361,0.59661,0.59207,0.86029,0.87171,0.89776,0.90541,0.9539,0.98922,0.91967,0.48773,0.49805,0.72967,0.73559,0.5266,0.54024,0.57109,0.56645,0.75619,0.7632,0.97519,0.8636,0.522,0.524,0.60336,0.67981,0.78294,0.28262,0.48963,0.66824,0.80134,0.66818,0.66521,0.85316,0.64364,0.6985,0.79601,0.28818,0.47669,0.68889,0.8149,0.70082,0.66394,0.84185,0.573692,0.748992,0.573692,0.748992,-0.1753,-0.1753
block,block_bw4,passt-mdfd-cnn,run/run_mask_all/block_bw4/transformerXL,standard,block,4,0.75,transformer-cnn/passt-mdfd-cnn/run/run_mask_all/block_bw4/transformerXL,transformer-cnn,,passt-mdfd-cnn,run/run_mask_all/block_bw4/transformerXL,transformerXL,passt-mdfd-cnn/run/run_mask_all/block_bw4/transformerXL,1,1,1,1,0.00539,0.00487,0.05472,47.48257,0.99418,0.99953,0.00085,0.49599,0.00066,0.02035,0.45527,0.45516,0.7199,0.71462,0.51041,0.50994,0.50876,0.50362,0.84425,0.84237,0.89763,0.89712,0.94851,0.98843,0.91433,0.40954,0.41033,0.66321,0.66512,0.43742,0.44329,0.45095,0.45903,0.73257,0.73896,0.9728,0.84222,0.455,0.455,0.50572,0.51432,0.75325,0.75216,0.58147,0.58156,0.58223,0.58464,0.8607,0.86572,0.89653,0.90213,0.95441,0.98876,0.91888,0.46843,0.48102,0.70896,0.71786,0.50872,0.52833,0.54478,0.55393,0.76285,0.77503,0.97321,0.85713,0.506,0.514,0.58474,0.70243,0.7815,0.24877,0.4368,0.729,0.81906,0.66443,0.65612,0.84489,0.6378,0.69071,0.77281,0.24761,0.45876,0.72136,0.79975,0.6931,0.65963,0.83604,0.555322,0.748192,0.555322,0.748192,-0.19286999999999999,-0.19286999999999999
block,block_bw4,passt-mdfd-cnn,run/run_pretrain_then_finetune1_fast_dev/block_bw4/transformerXL,standard,block,4,0.75,transformer-cnn/passt-mdfd-cnn/run/run_pretrain_then_finetune1_fast_dev/block_bw4/transformerXL,transformer-cnn,,passt-mdfd-cnn,run/run_pretrain_then_finetune1_fast_dev/block_bw4/transformerXL,transformerXL,passt-mdfd-cnn/run/run_pretrain_then_finetune1_fast_dev/block_bw4/transformerXL,1,1,1,1,0.47738,0.43102,0.48168,28.43997,0.48977,0.95553,0.22273,78.44264,1.26197,1.05027,,,,,,,,,,,,,,,,0.0,0.0,0.0,0.0,0.00025,0.0,0.00031,0.0,0.03428,0.01025,0.58477,0.09654,,,,,,,,,,,,,,,,,,0.0,0.0,9e-05,0.0,0.0,0.0,0.0,0.0,0.03478,0.0306,0.62194,0.12175,,,0.0,0.0,0.0,0.0,0.0,0.0,0.0,0.00967,0.0,0.0,0.0,0.0,0.0,0.0,0.0,0.0,0.0,0.0,0.0,0.0,0.0,0.0,0.0,0.0,0.0,0.0
